-- MySQL dump 10.13  Distrib 8.0.22, for Win64 (x86_64)
--
-- Host: localhost    Database: vk
-- ------------------------------------------------------
-- Server version	8.0.22

/*!40101 SET @OLD_CHARACTER_SET_CLIENT=@@CHARACTER_SET_CLIENT */;
/*!40101 SET @OLD_CHARACTER_SET_RESULTS=@@CHARACTER_SET_RESULTS */;
/*!40101 SET @OLD_COLLATION_CONNECTION=@@COLLATION_CONNECTION */;
/*!50503 SET NAMES utf8mb4 */;
/*!40103 SET @OLD_TIME_ZONE=@@TIME_ZONE */;
/*!40103 SET TIME_ZONE='+00:00' */;
/*!40014 SET @OLD_UNIQUE_CHECKS=@@UNIQUE_CHECKS, UNIQUE_CHECKS=0 */;
/*!40014 SET @OLD_FOREIGN_KEY_CHECKS=@@FOREIGN_KEY_CHECKS, FOREIGN_KEY_CHECKS=0 */;
/*!40101 SET @OLD_SQL_MODE=@@SQL_MODE, SQL_MODE='NO_AUTO_VALUE_ON_ZERO' */;
/*!40111 SET @OLD_SQL_NOTES=@@SQL_NOTES, SQL_NOTES=0 */;

--
-- Table structure for table `cities`
--

DROP TABLE IF EXISTS `cities`;
/*!40101 SET @saved_cs_client     = @@character_set_client */;
/*!50503 SET character_set_client = utf8mb4 */;
CREATE TABLE `cities` (
  `id` int unsigned NOT NULL AUTO_INCREMENT,
  `name` varchar(150) CHARACTER SET utf8mb4 COLLATE utf8mb4_unicode_ci NOT NULL,
  `country_id` int unsigned DEFAULT NULL,
  PRIMARY KEY (`id`)
) ENGINE=InnoDB AUTO_INCREMENT=101 DEFAULT CHARSET=utf8mb4 COLLATE=utf8mb4_unicode_ci;
/*!40101 SET character_set_client = @saved_cs_client */;

--
-- Dumping data for table `cities`
--

LOCK TABLES `cities` WRITE;
/*!40000 ALTER TABLE `cities` DISABLE KEYS */;
INSERT INTO `cities` VALUES (1,'Lysanneland',81),(2,'West Destineyborough',63),(3,'South Juliana',2),(4,'Corystad',9),(5,'Metzberg',57),(6,'Gusikowskihaven',41),(7,'Kelliton',37),(8,'Schowalterborough',93),(9,'North Hobartborough',8),(10,'Raymondton',37),(11,'Lucindamouth',58),(12,'Julianahaven',81),(13,'Lake Mandy',64),(14,'New Coyview',89),(15,'West Nelle',40),(16,'New Hillaryfurt',2),(17,'Pfefferbury',80),(18,'West Michaelfort',1),(19,'Port Kalehaven',93),(20,'Daxmouth',76),(21,'Keeganmouth',8),(22,'South Jenifer',76),(23,'Gabrielleside',5),(24,'New Baby',35),(25,'Fadelshire',39),(26,'Alisabury',2),(27,'Wittingmouth',79),(28,'Parkerton',93),(29,'West Terrilltown',35),(30,'Nonaville',79),(31,'South Sabrinafurt',94),(32,'West Easton',15),(33,'New Curtshire',41),(34,'North Lindsayview',95),(35,'East Coltport',24),(36,'Port Rosemary',97),(37,'New Lesterburgh',36),(38,'West Nicoletown',60),(39,'Cruickshankside',90),(40,'North Trey',44),(41,'North Davin',96),(42,'Port Cristinafort',48),(43,'Lake Erik',25),(44,'Dallasville',60),(45,'East Monty',36),(46,'New Bransonberg',64),(47,'New Floyd',62),(48,'East Tianna',16),(49,'Port Zulaview',64),(50,'New Gregoriaborough',55),(51,'West Otiliabury',92),(52,'Macejkovicshire',72),(53,'Dejonfort',30),(54,'Hartmanntown',96),(55,'West Johnnyberg',7),(56,'Lake Aisha',69),(57,'West Elena',98),(58,'Stephaniechester',85),(59,'Estherbury',61),(60,'Wittingburgh',32),(61,'Nehaview',63),(62,'Port Paytonfurt',54),(63,'Sylviaview',46),(64,'Kiehnview',4),(65,'West Braedenfurt',49),(66,'Geovanniton',70),(67,'West Jennyfer',100),(68,'Irwintown',84),(69,'Bettyestad',29),(70,'O\'Konview',90),(71,'Charlieside',28),(72,'Domenicoberg',25),(73,'Lake Zeldamouth',37),(74,'East Savion',52),(75,'Lake Janelleberg',85),(76,'Randyfurt',73),(77,'New Carlieton',15),(78,'North Heloisehaven',46),(79,'Jazmyneside',88),(80,'Schadenfurt',79),(81,'East Tyreekfurt',100),(82,'Pansyborough',79),(83,'South Anissaborough',51),(84,'Bergnaumbury',30),(85,'Markshaven',74),(86,'Port Velvamouth',57),(87,'Juanitaberg',98),(88,'Reichertstad',71),(89,'Georgiannaville',42),(90,'Harberview',58),(91,'Langworthhaven',3),(92,'Watersside',5),(93,'Flatleyfort',12),(94,'West Monica',49),(95,'Olgaland',8),(96,'Tracyberg',61),(97,'Port Marleyport',18),(98,'Heberbury',8),(99,'Marvinburgh',45),(100,'Port Lizzie',46);
/*!40000 ALTER TABLE `cities` ENABLE KEYS */;
UNLOCK TABLES;

--
-- Table structure for table `communities`
--

DROP TABLE IF EXISTS `communities`;
/*!40101 SET @saved_cs_client     = @@character_set_client */;
/*!50503 SET character_set_client = utf8mb4 */;
CREATE TABLE `communities` (
  `id` int unsigned NOT NULL AUTO_INCREMENT COMMENT '╨Ш╨┤╨╡╨╜╤В╨╕╤Д╨╕╨║╨░╤В╨╛╤А ╤Б╤В╤А╨╛╨║╨╕',
  `name` varchar(300) CHARACTER SET utf8mb4 COLLATE utf8mb4_unicode_ci NOT NULL COMMENT '╨Э╨░╨╖╨▓╨░╨╜╨╕╨╡ ╨│╤А╤Г╨┐╨┐╤Л',
  `created_at` datetime DEFAULT CURRENT_TIMESTAMP COMMENT '╨Т╤А╨╡╨╝╤П ╤Б╨╛╨╖╨┤╨░╨╜╨╕╤П ╤Б╤В╤А╨╛╨║╨╕',
  `updatedet_at` datetime DEFAULT CURRENT_TIMESTAMP ON UPDATE CURRENT_TIMESTAMP COMMENT '╨Т╤А╨╡╨╝╤П ╨╛╨▒╨╜╨╛╨▓╨╗╨╡╨╜╨╕╤П ╤Б╤В╤А╨╛╨║╨╕',
  PRIMARY KEY (`id`),
  UNIQUE KEY `name` (`name`)
) ENGINE=InnoDB AUTO_INCREMENT=101 DEFAULT CHARSET=utf8mb4 COLLATE=utf8mb4_unicode_ci;
/*!40101 SET character_set_client = @saved_cs_client */;

--
-- Dumping data for table `communities`
--

LOCK TABLES `communities` WRITE;
/*!40000 ALTER TABLE `communities` DISABLE KEYS */;
INSERT INTO `communities` VALUES (1,'reprehenderit','2014-11-16 19:43:22','2019-02-09 12:59:24'),(2,'deserunt','2015-04-25 10:40:43','2021-03-08 22:32:15'),(3,'quo','2021-01-12 10:10:54','2012-04-21 23:58:30'),(4,'qui','2013-02-22 15:13:27','2015-02-18 13:16:09'),(5,'in','2012-01-09 16:42:24','2016-04-08 18:47:27'),(6,'consectetur','2016-12-08 09:39:44','2020-06-07 07:14:05'),(7,'vel','2020-10-19 18:21:34','2019-10-03 19:37:56'),(8,'ut','2016-11-19 01:45:32','2017-06-16 21:21:21'),(9,'explicabo','2018-10-04 14:16:04','2018-04-10 01:50:57'),(10,'aspernatur','2017-08-24 17:50:57','2017-08-25 07:19:39'),(11,'omnis','2021-03-02 17:01:47','2015-09-19 06:32:20'),(12,'architecto','2015-07-23 13:20:53','2019-06-28 16:56:16'),(13,'sapiente','2015-04-01 00:00:29','2016-01-09 14:22:10'),(14,'repudiandae','2019-04-23 07:13:30','2020-09-05 04:40:17'),(15,'ullam','2014-06-05 22:00:59','2018-09-21 03:34:48'),(16,'distinctio','2020-04-16 10:26:43','2021-02-11 07:22:40'),(17,'quasi','2017-11-06 15:32:46','2018-07-15 09:10:04'),(18,'nihil','2014-02-16 21:32:22','2018-07-11 00:26:02'),(19,'voluptatibus','2014-03-25 09:11:49','2013-06-16 10:55:15'),(20,'ex','2015-05-23 21:34:43','2014-01-11 20:30:50'),(21,'eligendi','2014-11-20 15:18:22','2020-06-15 23:49:18'),(22,'dolores','2018-06-28 03:56:26','2012-06-03 12:21:56'),(23,'ea','2020-06-19 05:45:42','2016-11-23 12:05:59'),(24,'eveniet','2014-12-03 11:39:52','2014-07-09 04:51:12'),(25,'similique','2016-12-30 03:59:03','2020-05-06 11:06:20'),(26,'sit','2011-06-18 23:14:09','2017-11-06 12:33:36'),(27,'non','2020-04-10 06:47:02','2020-02-20 09:43:48'),(28,'nulla','2020-03-24 21:59:30','2019-07-04 14:24:12'),(29,'aut','2011-07-26 20:43:00','2017-08-14 19:07:42'),(30,'sunt','2019-05-03 06:07:37','2013-03-09 17:57:59');
/*!40000 ALTER TABLE `communities` ENABLE KEYS */;
UNLOCK TABLES;

--
-- Table structure for table `communities_users`
--

DROP TABLE IF EXISTS `communities_users`;
/*!40101 SET @saved_cs_client     = @@character_set_client */;
/*!50503 SET character_set_client = utf8mb4 */;
CREATE TABLE `communities_users` (
  `community_id` int unsigned NOT NULL COMMENT '╨б╤Б╤Л╨╗╨║╨░ ╨╜╨░ ╨│╤А╤Г╨┐╨┐╤Г',
  `user_id` int unsigned NOT NULL COMMENT '╨б╤Б╤Л╨╗╨║╨░ ╨╜╨░ ╨┐╨╛╨╗╤М╨╖╨╛╨▓╨░╤В╨╡╨╗╤П',
  `created_at` datetime DEFAULT CURRENT_TIMESTAMP COMMENT '╨Т╤А╨╡╨╝╤П ╤Б╨╛╨╖╨┤╨░╨╜╨╕╤П ╤Б╤В╤А╨╛╨║╨╕',
  PRIMARY KEY (`community_id`,`user_id`) COMMENT '╨б╨╛╤Б╤В╨░╨▓╨╜╨╛╨╣ ╨┐╨╡╤А╨▓╤Л╤З╨╜╤Л╨╣ ╨║╨╗╤О╤З'
) ENGINE=InnoDB DEFAULT CHARSET=utf8mb4 COLLATE=utf8mb4_unicode_ci COMMENT='╨б╨▓╤П╨╖╤М ╨╝╨╡╨╢╨┤╤Г ╨┐╨╛╨╗╤М╨╖╨╛╨▓╨░╤В╨╡╨╗╤П╨╝╨╕ ╨╕ ╨│╤А╤Г╨┐╨┐╨░╨╝╨╕';
/*!40101 SET character_set_client = @saved_cs_client */;

--
-- Dumping data for table `communities_users`
--

LOCK TABLES `communities_users` WRITE;
/*!40000 ALTER TABLE `communities_users` DISABLE KEYS */;
INSERT INTO `communities_users` VALUES (1,4,'2015-03-29 02:55:45'),(1,44,'2016-08-16 10:23:41'),(1,47,'2020-07-01 17:33:58'),(1,93,'2019-05-18 01:23:29'),(2,4,'2014-02-04 06:36:13'),(2,48,'2021-04-14 12:22:36'),(2,55,'2015-05-08 17:00:19'),(2,77,'2013-01-23 12:28:17'),(2,80,'2020-03-03 23:52:35'),(3,13,'2011-07-08 04:25:49'),(3,24,'2012-12-27 03:21:06'),(3,43,'2018-01-21 13:12:40'),(4,15,'2016-02-29 12:06:25'),(4,33,'2017-12-11 08:02:48'),(4,50,'2020-03-25 08:27:20'),(4,72,'2011-08-15 17:17:46'),(5,9,'2020-06-03 11:26:15'),(5,12,'2016-09-03 06:22:10'),(5,20,'2012-01-28 23:50:30'),(5,67,'2020-10-24 10:31:12'),(5,69,'2016-02-25 14:28:10'),(6,35,'2017-01-29 18:29:51'),(6,59,'2016-04-21 04:58:57'),(6,82,'2012-10-13 00:05:01'),(7,20,'2013-07-17 10:00:17'),(7,55,'2015-01-07 11:01:42'),(8,17,'2014-11-01 22:05:35'),(8,23,'2015-09-21 02:29:09'),(8,50,'2013-06-18 04:25:02'),(8,76,'2016-02-29 00:25:19'),(8,85,'2014-01-07 11:01:53'),(10,15,'2012-03-14 13:27:09'),(10,19,'2015-08-22 14:48:02'),(10,33,'2017-07-28 05:34:09'),(11,42,'2016-06-02 23:43:05'),(12,11,'2018-01-24 04:48:08'),(12,17,'2017-01-19 01:43:49'),(12,25,'2012-03-19 08:26:33'),(12,91,'2016-09-05 20:06:17'),(12,100,'2012-09-25 16:33:10'),(13,27,'2013-01-18 09:13:00'),(13,68,'2015-06-28 23:03:14'),(14,9,'2016-10-11 17:36:28'),(14,80,'2015-01-25 19:45:31'),(15,27,'2015-07-04 16:03:17'),(15,29,'2021-02-14 09:32:49'),(15,39,'2019-02-11 23:19:26'),(15,44,'2017-12-20 02:09:50'),(15,52,'2019-01-15 07:56:26'),(15,86,'2016-12-24 23:36:01'),(16,1,'2019-06-19 20:16:05'),(16,4,'2020-07-03 15:49:36'),(16,28,'2017-04-28 12:24:41'),(16,68,'2014-04-12 08:18:40'),(16,80,'2018-08-30 14:36:14'),(16,100,'2016-08-02 22:42:07'),(17,26,'2019-01-14 19:57:27'),(17,57,'2015-10-28 11:39:50'),(17,67,'2020-09-13 06:26:27'),(18,5,'2018-10-26 19:05:57'),(18,12,'2012-01-21 07:24:52'),(18,86,'2020-03-29 18:54:06'),(19,33,'2013-05-06 13:46:15'),(19,46,'2017-05-23 18:19:52'),(20,2,'2015-08-13 15:58:25'),(20,29,'2017-09-19 07:25:16'),(20,32,'2011-08-15 07:47:44'),(20,54,'2019-12-25 17:35:41'),(20,91,'2013-01-27 17:26:27'),(20,95,'2016-03-07 00:04:31'),(21,1,'2020-12-17 21:45:41'),(21,30,'2017-10-23 12:14:41'),(22,38,'2016-01-30 20:25:34'),(22,93,'2011-07-15 13:56:28'),(23,23,'2019-05-21 14:36:23'),(23,38,'2011-08-01 00:32:41'),(23,63,'2013-05-24 01:21:47'),(23,85,'2014-12-24 06:50:37'),(24,9,'2013-09-26 00:50:38'),(24,48,'2018-08-25 03:25:05'),(24,92,'2015-01-22 03:44:50'),(25,54,'2020-08-14 01:44:55'),(26,22,'2015-06-15 21:03:48'),(26,42,'2013-10-20 03:32:25'),(26,55,'2021-02-26 19:40:03'),(26,62,'2014-07-05 08:39:13'),(26,79,'2020-08-21 14:21:49'),(27,7,'2014-03-01 16:03:03'),(27,53,'2015-02-18 04:38:52'),(27,77,'2014-06-12 16:40:14'),(27,100,'2012-04-13 06:15:41'),(28,6,'2012-11-10 12:41:01'),(28,55,'2014-01-30 18:11:37'),(29,2,'2019-07-06 20:44:20'),(29,22,'2013-03-24 08:41:55'),(29,57,'2017-12-03 02:16:55'),(29,66,'2018-04-01 08:57:26'),(30,1,'2012-12-16 02:34:51'),(30,71,'2016-11-17 22:58:27'),(30,73,'2016-05-18 14:16:40');
/*!40000 ALTER TABLE `communities_users` ENABLE KEYS */;
UNLOCK TABLES;

--
-- Table structure for table `countries`
--

DROP TABLE IF EXISTS `countries`;
/*!40101 SET @saved_cs_client     = @@character_set_client */;
/*!50503 SET character_set_client = utf8mb4 */;
CREATE TABLE `countries` (
  `id` int unsigned NOT NULL AUTO_INCREMENT,
  `name` varchar(150) CHARACTER SET utf8mb4 COLLATE utf8mb4_unicode_ci NOT NULL,
  PRIMARY KEY (`id`),
  UNIQUE KEY `name` (`name`)
) ENGINE=InnoDB AUTO_INCREMENT=101 DEFAULT CHARSET=utf8mb4 COLLATE=utf8mb4_unicode_ci;
/*!40101 SET character_set_client = @saved_cs_client */;

--
-- Dumping data for table `countries`
--

LOCK TABLES `countries` WRITE;
/*!40000 ALTER TABLE `countries` DISABLE KEYS */;
INSERT INTO `countries` VALUES (85,'American Samoa'),(99,'Andorra'),(25,'Antarctica (the territory South of 60 deg S)'),(67,'Argentina'),(44,'Austria'),(22,'Azerbaijan'),(39,'Bangladesh'),(3,'Barbados'),(76,'Belize'),(1,'Bermuda'),(9,'Bhutan'),(53,'Botswana'),(96,'Bouvet Island (Bouvetoya)'),(21,'British Virgin Islands'),(43,'Cameroon'),(88,'Canada'),(94,'Central African Republic'),(58,'Chile'),(66,'Comoros'),(80,'Congo'),(13,'Costa Rica'),(45,'Cote d\'Ivoire'),(52,'Cuba'),(62,'Denmark'),(38,'Dominican Republic'),(37,'Egypt'),(77,'Eritrea'),(8,'Estonia'),(42,'Ethiopia'),(14,'Faroe Islands'),(55,'Fiji'),(31,'Gambia'),(84,'Georgia'),(26,'Germany'),(5,'Greece'),(48,'Grenada'),(90,'Guam'),(17,'Guyana'),(50,'Honduras'),(79,'Ireland'),(15,'Isle of Man'),(2,'Italy'),(41,'Jamaica'),(57,'Jersey'),(16,'Kazakhstan'),(18,'Kiribati'),(68,'Korea'),(35,'Lesotho'),(75,'Macedonia'),(32,'Malaysia'),(29,'Malta'),(71,'Martinique'),(100,'Mayotte'),(6,'Mexico'),(87,'Micronesia'),(27,'Monaco'),(28,'Montenegro'),(64,'Morocco'),(91,'Nepal'),(83,'Netherlands Antilles'),(97,'New Caledonia'),(4,'New Zealand'),(60,'Nicaragua'),(23,'Niue'),(40,'Norway'),(92,'Palestinian Territory'),(30,'Papua New Guinea'),(47,'Pitcairn Islands'),(72,'Portugal'),(86,'Puerto Rico'),(81,'Reunion'),(46,'Romania'),(36,'Rwanda'),(59,'Saint Helena'),(74,'Saint Martin'),(95,'Saint Vincent and the Grenadines'),(34,'Samoa'),(61,'San Marino'),(65,'Saudi Arabia'),(10,'Senegal'),(7,'Sierra Leone'),(54,'Slovakia (Slovak Republic)'),(56,'Slovenia'),(73,'Somalia'),(11,'South Georgia and the South Sandwich Islands'),(24,'Sudan'),(12,'Switzerland'),(78,'Syrian Arab Republic'),(89,'Tajikistan'),(49,'Tanzania'),(20,'Togo'),(33,'Turkmenistan'),(51,'Ukraine'),(82,'United Kingdom'),(19,'United States of America'),(93,'United States Virgin Islands'),(98,'Uzbekistan'),(69,'Vietnam'),(63,'Wallis and Futuna'),(70,'Zambia');
/*!40000 ALTER TABLE `countries` ENABLE KEYS */;
UNLOCK TABLES;

--
-- Table structure for table `friendship`
--

DROP TABLE IF EXISTS `friendship`;
/*!40101 SET @saved_cs_client     = @@character_set_client */;
/*!50503 SET character_set_client = utf8mb4 */;
CREATE TABLE `friendship` (
  `user_id` int unsigned NOT NULL COMMENT '╨Ш╨╜╨╕╤Ж╨╕╨░╤В╨╛╤А ╨┤╤А╤Г╨╢╨▒╤Л',
  `friend_id` int unsigned NOT NULL COMMENT '╨Я╨╛╨╗╤Г╤З╨░╤В╨╡╨╗╤М ╨┐╤А╨╕╨│╨╗╨░╤И╨╡╨╜╨╕╤П',
  `friendship_status_id` int unsigned NOT NULL COMMENT '╨б╤Б╤Л╨╗╨║╨░ ╨╜╨░ ╤Б╤В╨░╤В╤Г╤Б(╤Б╨╛╤Б╤В╨╛╤П╨╜╨╕╨╡)',
  `confirmed_at` datetime DEFAULT NULL COMMENT '╨Т╤А╨╡╨╝╤П ╨┐╨╛╨┤╤В╨▓╨╡╤А╨╢╨┤╨╡╨╜╨╕╤П ╨┐╤А╨╕╨│╨╗╨░╤И╨╡╨╜╨╕╤П',
  `created_at` datetime DEFAULT CURRENT_TIMESTAMP COMMENT '╨Т╤А╨╡╨╝╤П ╤Б╨╛╨╖╨┤╨░╨╜╨╕╤П ╤Б╤В╤А╨╛╨║╨╕',
  `updated_at` datetime DEFAULT CURRENT_TIMESTAMP ON UPDATE CURRENT_TIMESTAMP COMMENT '╨Т╤А╨╡╨╝╤П ╨╛╨▒╨╜╨╛╨▓╨╗╨╡╨╜╨╕╤П ╤Б╤В╤А╨╛╨║╨╕',
  PRIMARY KEY (`user_id`,`friend_id`) COMMENT '╨б╨╛╤Б╤В╨░╨▓╨╜╨╛╨╣ ╨┐╨╡╤А╨▓╨╕╤З╨╜╤Л╨╣ ╨║╨╗╤О╤З'
) ENGINE=InnoDB DEFAULT CHARSET=utf8mb4 COLLATE=utf8mb4_unicode_ci;
/*!40101 SET character_set_client = @saved_cs_client */;

--
-- Dumping data for table `friendship`
--

LOCK TABLES `friendship` WRITE;
/*!40000 ALTER TABLE `friendship` DISABLE KEYS */;
INSERT INTO `friendship` VALUES (2,17,1,'2021-05-03 16:50:22','2020-12-07 08:35:09','2021-05-03 16:50:22'),(2,84,3,'2021-05-03 16:50:22','2019-11-09 00:28:33','2021-05-03 16:50:22'),(3,16,1,'2013-02-21 14:58:33','2012-02-23 13:52:19','2021-05-03 16:36:49'),(3,72,3,'2015-12-31 15:59:44','2012-07-23 13:23:55','2021-05-03 16:36:49'),(3,75,3,'2021-05-03 16:50:22','2019-02-05 05:29:37','2021-05-03 16:50:22'),(4,78,2,'2021-05-03 16:50:22','2020-06-01 20:39:17','2021-05-03 16:50:22'),(6,2,2,'2017-04-09 22:08:30','2016-08-11 02:15:20','2021-05-03 16:36:49'),(6,55,1,'2018-10-31 12:20:53','2017-03-21 05:51:49','2021-05-03 16:36:49'),(7,78,2,'2015-01-15 09:58:59','2012-12-13 07:12:29','2021-05-03 16:32:50'),(8,89,1,'2021-05-03 16:50:22','2013-07-02 17:17:11','2021-05-03 16:50:22'),(8,92,1,'2021-05-03 16:50:22','2019-02-04 18:52:20','2021-05-03 16:50:22'),(8,94,2,'2018-03-16 13:09:02','2015-03-29 17:45:00','2021-05-03 16:32:50'),(9,33,1,'2015-10-31 23:08:23','2013-07-16 06:22:13','2021-05-03 16:36:49'),(9,53,3,'2021-05-03 16:50:22','2019-04-04 15:18:17','2021-05-03 16:50:22'),(10,76,3,'2021-05-03 16:50:22','2017-06-12 11:17:59','2021-05-03 16:50:22'),(11,2,2,'2021-05-03 16:50:22','2021-01-20 11:17:33','2021-05-03 16:50:22'),(13,65,1,'2017-11-22 08:09:59','2016-03-05 23:13:49','2021-05-03 16:32:50'),(15,68,1,'2021-05-03 16:50:22','2018-11-26 10:59:26','2021-05-03 16:50:22'),(18,20,3,'2021-04-18 02:27:08','2018-01-11 21:38:55','2021-05-03 16:36:49'),(20,78,1,'2021-03-01 18:27:03','2013-10-25 07:25:11','2021-05-03 16:32:50'),(20,84,2,'2021-05-03 16:50:22','2019-11-09 16:41:46','2021-05-03 16:50:22'),(21,36,3,'2021-05-03 16:50:22','2020-08-17 04:15:34','2021-05-03 16:50:22'),(21,73,3,'2013-11-29 19:31:52','2013-02-18 14:33:37','2021-05-03 16:36:49'),(21,82,1,'2021-05-03 16:50:22','2019-01-18 07:00:24','2021-05-03 16:50:22'),(25,17,1,'2021-05-03 16:50:22','2015-12-16 08:49:35','2021-05-03 16:50:22'),(25,76,3,'2018-08-06 13:06:28','2012-10-21 01:20:49','2021-05-03 16:36:49'),(26,38,2,'2021-05-03 16:50:22','2020-02-01 16:50:33','2021-05-03 16:50:22'),(27,41,2,'2021-05-03 16:50:22','2012-11-11 18:30:26','2021-05-03 16:50:22'),(28,7,3,'2021-02-09 22:04:49','2019-06-16 02:01:58','2021-05-03 16:36:49'),(28,42,1,'2021-05-03 16:50:22','2020-06-14 08:01:16','2021-05-03 16:50:22'),(29,13,2,'2017-06-13 20:13:40','2012-01-09 11:58:29','2021-05-03 16:36:49'),(29,17,1,'2016-06-14 19:52:35','2015-12-06 16:44:09','2021-05-03 16:36:49'),(33,65,3,'2021-05-03 16:50:22','2018-09-17 07:47:40','2021-05-03 16:50:22'),(33,70,3,'2021-05-03 16:50:22','2018-09-01 13:07:22','2021-05-03 16:50:22'),(34,94,1,'2018-09-23 05:33:36','2016-03-30 07:48:30','2021-05-03 16:32:50'),(36,56,2,'2021-05-03 16:50:22','2017-08-09 17:34:05','2021-05-03 16:50:22'),(36,90,1,'2017-01-26 20:48:28','2016-01-31 02:49:07','2021-05-03 16:32:50'),(37,84,3,'2021-05-03 16:50:22','2018-07-24 09:11:00','2021-05-03 16:50:22'),(38,30,1,'2021-05-03 16:50:22','2021-01-11 22:45:26','2021-05-03 16:50:22'),(40,79,1,'2021-05-03 16:50:22','2019-12-26 22:33:48','2021-05-03 16:50:22'),(41,33,2,'2021-05-03 16:50:22','2019-04-13 20:58:32','2021-05-03 16:50:22'),(42,66,2,'2020-03-27 18:29:26','2019-01-19 20:40:38','2021-05-03 16:36:49'),(43,45,2,'2018-04-30 05:25:38','2012-03-19 07:13:35','2021-05-03 16:32:50'),(43,47,3,'2021-05-03 16:50:22','2020-05-21 00:17:29','2021-05-03 16:50:22'),(44,90,2,'2019-06-01 07:25:45','2015-08-06 03:27:49','2021-05-03 16:36:49'),(45,22,1,'2014-08-27 03:29:15','2013-01-01 03:39:36','2021-05-03 16:36:49'),(45,64,1,'2021-05-03 16:50:22','2016-01-02 07:39:23','2021-05-03 16:50:22'),(46,83,2,'2018-10-29 17:02:15','2011-10-27 15:26:50','2021-05-03 16:36:49'),(47,9,3,'2021-05-03 16:50:22','2019-06-24 17:29:20','2021-05-03 16:50:22'),(47,50,3,'2021-05-03 16:50:22','2017-05-10 05:35:26','2021-05-03 16:50:22'),(50,51,1,'2021-05-03 16:50:22','2016-07-06 05:42:39','2021-05-03 16:50:22'),(51,47,2,'2021-05-03 16:50:22','2019-06-11 05:52:57','2021-05-03 16:50:22'),(52,36,1,'2013-05-02 04:57:54','2013-01-29 23:07:12','2021-05-03 16:36:49'),(53,5,1,'2021-05-03 16:50:22','2015-06-18 15:14:24','2021-05-03 16:50:22'),(53,46,1,'2021-05-03 16:50:22','2019-08-05 18:57:07','2021-05-03 16:50:22'),(54,67,2,'2021-05-03 16:50:22','2019-02-13 18:09:37','2021-05-03 16:50:22'),(56,15,2,'2021-05-03 16:50:22','2014-01-20 17:33:50','2021-05-03 16:50:22'),(56,93,1,'2021-05-03 16:50:22','2019-02-03 13:27:22','2021-05-03 16:50:22'),(59,51,3,'2021-05-03 16:50:22','2017-01-19 06:51:19','2021-05-03 16:50:22'),(60,66,3,'2021-05-03 16:50:22','2016-12-31 07:09:33','2021-05-03 16:50:22'),(62,59,1,'2021-05-03 16:50:22','2020-09-08 10:29:22','2021-05-03 16:50:22'),(65,11,1,'2012-06-13 04:14:34','2011-11-16 21:17:29','2021-05-03 16:36:49'),(65,36,3,'2021-05-03 16:50:22','2014-03-26 14:59:56','2021-05-03 16:50:22'),(65,99,2,'2021-05-03 16:50:22','2021-01-27 05:31:27','2021-05-03 16:50:22'),(68,18,2,'2020-12-08 14:31:22','2016-05-11 05:53:43','2021-05-03 16:32:50'),(69,10,3,'2017-06-05 11:38:14','2012-02-17 12:38:12','2021-05-03 16:32:50'),(70,1,2,'2018-10-22 06:44:30','2013-09-17 11:25:18','2021-05-03 16:36:49'),(70,14,2,'2015-06-23 18:35:17','2011-10-13 20:06:27','2021-05-03 16:36:49'),(70,64,2,'2021-05-03 16:50:22','2016-05-02 05:08:26','2021-05-03 16:50:22'),(71,53,3,'2012-10-09 19:43:12','2012-05-06 02:07:08','2021-05-03 16:36:49'),(72,43,1,'2021-05-03 16:50:22','2015-04-12 04:37:43','2021-05-03 16:50:22'),(73,95,1,'2021-05-03 16:50:22','2014-07-06 09:28:46','2021-05-03 16:50:22'),(74,31,1,'2017-09-11 13:50:35','2014-02-03 18:21:06','2021-05-03 16:36:49'),(75,39,3,'2021-05-03 16:50:22','2020-07-07 14:08:52','2021-05-03 16:50:22'),(76,14,1,'2021-05-03 16:50:22','2019-05-17 02:42:57','2021-05-03 16:50:22'),(76,31,1,'2020-06-29 08:26:51','2012-09-14 23:08:52','2021-05-03 16:36:49'),(76,74,2,'2021-05-03 16:50:22','2017-09-13 19:07:30','2021-05-03 16:50:22'),(77,32,1,'2020-11-05 02:16:13','2015-09-14 03:12:23','2021-05-03 16:36:49'),(77,47,3,'2018-01-01 05:09:40','2016-08-19 10:24:10','2021-05-03 16:36:49'),(78,11,3,'2013-11-23 03:46:13','2012-10-22 18:36:58','2021-05-03 16:32:50'),(79,41,2,'2015-09-06 11:27:30','2013-06-04 05:37:13','2021-05-03 16:36:49'),(79,56,2,'2021-01-25 17:29:25','2016-12-13 00:26:20','2021-05-03 16:36:49'),(80,56,3,'2021-01-22 00:52:05','2012-08-30 09:54:11','2021-05-03 16:36:49'),(82,6,2,'2021-05-03 16:50:22','2019-12-05 11:37:38','2021-05-03 16:50:22'),(83,63,2,'2021-05-03 16:50:22','2014-04-21 02:57:20','2021-05-03 16:50:22'),(83,92,1,'2019-10-29 01:29:24','2015-10-09 10:30:10','2021-05-03 16:32:50'),(84,1,1,'2021-05-03 16:50:22','2013-11-16 16:52:38','2021-05-03 16:50:22'),(84,26,3,'2021-05-03 16:50:22','2019-07-13 23:23:14','2021-05-03 16:50:22'),(85,16,1,'2016-06-06 08:34:43','2014-07-17 12:04:51','2021-05-03 16:32:50'),(85,31,2,'2018-09-07 01:39:14','2018-07-01 02:33:16','2021-05-03 16:36:49'),(89,41,2,'2021-05-03 16:50:22','2019-07-21 04:14:50','2021-05-03 16:50:22'),(94,41,3,'2021-05-03 16:50:22','2017-03-31 10:13:39','2021-05-03 16:50:22'),(95,74,2,'2019-02-27 20:36:40','2018-06-28 15:11:39','2021-05-03 16:36:49'),(96,43,2,'2021-05-03 16:50:22','2019-08-17 11:40:06','2021-05-03 16:50:22'),(96,100,3,'2018-12-23 17:57:52','2011-09-20 02:38:18','2021-05-03 16:36:49'),(97,35,2,'2021-05-03 16:50:22','2019-09-20 18:14:07','2021-05-03 16:50:22'),(97,77,2,'2019-03-01 08:30:26','2014-08-04 04:57:43','2021-05-03 16:36:49'),(99,66,1,'2020-06-05 01:32:36','2014-02-27 08:11:34','2021-05-03 16:36:49'),(100,4,3,'2018-02-17 05:10:19','2016-05-16 19:46:36','2021-05-03 16:32:50'),(100,82,1,'2016-12-30 01:18:18','2016-12-14 00:27:42','2021-05-03 16:32:50');
/*!40000 ALTER TABLE `friendship` ENABLE KEYS */;
UNLOCK TABLES;

--
-- Table structure for table `friendship_statuses`
--

DROP TABLE IF EXISTS `friendship_statuses`;
/*!40101 SET @saved_cs_client     = @@character_set_client */;
/*!50503 SET character_set_client = utf8mb4 */;
CREATE TABLE `friendship_statuses` (
  `id` int unsigned NOT NULL AUTO_INCREMENT COMMENT '╨Ш╨┤╨╡╨╜╤В╨╕╤Д╨╕╨║╨░╤В╨╛╤А ╤Б╤В╤А╨╛╨║╨╕',
  `name` varchar(150) CHARACTER SET utf8mb4 COLLATE utf8mb4_unicode_ci NOT NULL COMMENT '╨Э╨░╨╖╨▓╨░╨╜╨╕╨╡ ╤Б╤В╨░╤В╤Г╤Б╨░',
  `created_at` datetime DEFAULT CURRENT_TIMESTAMP COMMENT '╨Т╤А╨╡╨╝╤П ╤Б╨╛╨╖╨┤╨░╨╜╨╕╤П ╤Б╤В╤А╨╛╨║╨╕',
  `updatedet_at` datetime DEFAULT CURRENT_TIMESTAMP ON UPDATE CURRENT_TIMESTAMP COMMENT '╨Т╤А╨╡╨╝╤П ╨╛╨▒╨╜╨╛╨▓╨╗╨╡╨╜╨╕╤П ╤Б╤В╤А╨╛╨║╨╕',
  PRIMARY KEY (`id`),
  UNIQUE KEY `name` (`name`)
) ENGINE=InnoDB AUTO_INCREMENT=4 DEFAULT CHARSET=utf8mb4 COLLATE=utf8mb4_unicode_ci;
/*!40101 SET character_set_client = @saved_cs_client */;

--
-- Dumping data for table `friendship_statuses`
--

LOCK TABLES `friendship_statuses` WRITE;
/*!40000 ALTER TABLE `friendship_statuses` DISABLE KEYS */;
INSERT INTO `friendship_statuses` VALUES (1,'Requestes','2021-05-03 16:35:56','2021-05-03 16:35:56'),(2,'Confirmed','2021-05-03 16:35:56','2021-05-03 16:35:56'),(3,'Rejected','2021-05-03 16:35:56','2021-05-03 16:35:56');
/*!40000 ALTER TABLE `friendship_statuses` ENABLE KEYS */;
UNLOCK TABLES;

--
-- Table structure for table `media`
--

DROP TABLE IF EXISTS `media`;
/*!40101 SET @saved_cs_client     = @@character_set_client */;
/*!50503 SET character_set_client = utf8mb4 */;
CREATE TABLE `media` (
  `id` int unsigned NOT NULL AUTO_INCREMENT COMMENT '╨Ш╨┤╨╡╨╜╤В╨╕╤Д╨╕╨║╨░╤В╨╛╤А ╤Б╤В╤А╨╛╨║╨╕',
  `user_id` int unsigned NOT NULL COMMENT '╨б╤Б╤Л╨╗╨║╨░ ╨╜╨░ ╨┐╨╛╨╗╤М╨╖╨╛╨▓╨░╤В╨╡╨╗╤П, ╨║╨╛╤В╨╛╤А╤Л╨╣ ╨╖╨░╨│╤А╤Г╨╖╨╕╨╗ ╤Д╨░╨╣╨╗',
  `filename` varchar(255) CHARACTER SET utf8mb4 COLLATE utf8mb4_unicode_ci NOT NULL COMMENT '╨Я╤Г╤В╤М ╨║ ╤Д╨░╨╣╨╗╤Г',
  `size` int NOT NULL COMMENT '╨а╨░╨╖╨╝╨╡╤А ╤Д╨░╨╣╨╗╨░',
  `metadata` json DEFAULT NULL,
  `media_type_id` int NOT NULL,
  `deleted_at` timestamp NULL DEFAULT NULL,
  `created_at` datetime DEFAULT CURRENT_TIMESTAMP COMMENT '╨Т╤А╨╡╨╝╤П ╤Б╨╛╨╖╨┤╨░╨╜╨╕╤П ╤Б╤В╤А╨╛╨║╨╕',
  `updatedet_at` datetime DEFAULT CURRENT_TIMESTAMP ON UPDATE CURRENT_TIMESTAMP COMMENT '╨Т╤А╨╡╨╝╤П ╨╛╨▒╨╜╨╛╨▓╨╗╨╡╨╜╨╕╤П ╤Б╤В╤А╨╛╨║╨╕',
  PRIMARY KEY (`id`),
  CONSTRAINT `media_chk_1` CHECK (json_valid(`metadata`))
) ENGINE=InnoDB AUTO_INCREMENT=101 DEFAULT CHARSET=utf8mb4 COLLATE=utf8mb4_unicode_ci COMMENT='╨Ь╨╡╨┤╨╕╨░╤Д╨░╨╣╨╗╤Л';
/*!40101 SET character_set_client = @saved_cs_client */;

--
-- Dumping data for table `media`
--

LOCK TABLES `media` WRITE;
/*!40000 ALTER TABLE `media` DISABLE KEYS */;
INSERT INTO `media` VALUES (1,95,'http://dropbox.net/vk/image/x-freehand',5269157,'{\"owner\": \"Colt Schaefer\"}',3,NULL,'2015-08-13 03:31:58','2021-05-03 14:22:34'),(2,6,'http://dropbox.net/vk/application/xspf+xml',2854032,'{\"owner\": \"Elfrieda Bayer\"}',2,NULL,'2013-12-04 20:26:34','2021-05-03 14:22:34'),(3,48,'http://dropbox.net/vk/application/vnd.shana.informed.package',8452691,'{\"owner\": \"Joaquin Lindgren\"}',1,NULL,'2013-12-28 00:14:43','2021-05-03 14:22:34'),(4,19,'http://dropbox.net/vk/application/x-xfig',44511710,'{\"owner\": \"Darren Bernier\"}',1,NULL,'2017-07-18 10:59:49','2021-05-03 14:22:34'),(5,51,'http://dropbox.net/vk/application/vnd.sun.xml.calc.template',3691358,'{\"owner\": \"Julia Sipes\"}',3,NULL,'2013-04-27 07:55:50','2021-05-03 14:22:34'),(6,98,'http://dropbox.net/vk/text/uri-list',9045,'{\"owner\": \"Tamara Bechtelar\"}',1,NULL,'2012-09-15 19:00:21','2021-05-03 14:22:34'),(7,38,'http://dropbox.net/vk/application/vnd.tcpdump.pcap',9888346,'{\"owner\": \"Gonzalo Hickle\"}',3,NULL,'2019-09-13 15:02:37','2021-05-03 14:22:34'),(8,95,'http://dropbox.net/vk/text/x-uuencode',9968750,'{\"owner\": \"Colt Schaefer\"}',2,NULL,'2011-11-20 10:58:09','2021-05-03 14:22:34'),(9,60,'http://dropbox.net/vk/video/mpeg',4328,'{\"owner\": \"Margarett Huels\"}',2,NULL,'2020-01-07 04:16:12','2021-05-03 14:22:34'),(10,16,'http://dropbox.net/vk/application/vnd.wqd',709289,'{\"owner\": \"Sonia Weissnat\"}',1,NULL,'2014-07-03 21:40:48','2021-05-03 14:22:34'),(11,97,'http://dropbox.net/vk/application/xml-dtd',682201700,'{\"owner\": \"Jennie Ziemann\"}',2,NULL,'2012-04-13 22:30:15','2021-05-03 14:22:34'),(12,38,'http://dropbox.net/vk/text/x-fortran',7666960,'{\"owner\": \"Gonzalo Hickle\"}',1,NULL,'2012-05-19 02:03:42','2021-05-03 14:22:34'),(13,100,'http://dropbox.net/vk/text/vnd.in3d.spot',7851269,'{\"owner\": \"Amy Roberts\"}',3,NULL,'2019-02-19 22:55:14','2021-05-03 14:22:34'),(14,85,'http://dropbox.net/vk/application/vnd.adobe.xdp+xml',4866,'{\"owner\": \"Hilma Krajcik\"}',2,NULL,'2020-10-30 20:09:02','2021-05-03 14:22:34'),(15,26,'http://dropbox.net/vk/application/x-font-ttf',688640,'{\"owner\": \"Katharina Marvin\"}',2,NULL,'2021-01-29 00:15:52','2021-05-03 14:22:34'),(16,73,'http://dropbox.net/vk/application/vnd.sun.xml.writer.template',22563,'{\"owner\": \"Julianne O\'Reilly\"}',3,NULL,'2020-06-02 07:43:48','2021-05-03 14:22:34'),(17,85,'http://dropbox.net/vk/application/vnd.openxmlformats-officedocument.wordprocessingml.document',5333,'{\"owner\": \"Hilma Krajcik\"}',1,NULL,'2016-02-01 06:42:29','2021-05-03 14:22:34'),(18,7,'http://dropbox.net/vk/text/plain',3688137,'{\"owner\": \"Sharon Koelpin\"}',2,NULL,'2018-11-11 01:13:23','2021-05-03 14:22:34'),(19,80,'http://dropbox.net/vk/application/vnd.oasis.opendocument.graphics',1631,'{\"owner\": \"Greta Ward\"}',1,NULL,'2020-11-01 21:08:26','2021-05-03 14:22:34'),(20,79,'http://dropbox.net/vk/application/vnd.oasis.opendocument.image-template',3088721,'{\"owner\": \"Esther Schiller\"}',3,NULL,'2015-02-08 12:45:59','2021-05-03 14:22:34'),(21,55,'http://dropbox.net/vk/image/gif',4359528,'{\"owner\": \"Ocie Wilderman\"}',2,NULL,'2020-12-08 11:35:14','2021-05-03 14:22:34'),(22,35,'http://dropbox.net/vk/text/x-uuencode',2521479,'{\"owner\": \"Brett Collins\"}',1,NULL,'2015-01-11 15:18:57','2021-05-03 14:22:34'),(23,10,'http://dropbox.net/vk/application/vnd.llamagraphics.life-balance.desktop',9518813,'{\"owner\": \"Ayana Jaskolski\"}',3,NULL,'2017-04-09 10:16:07','2021-05-03 14:22:34'),(24,46,'http://dropbox.net/vk/video/h263',832085,'{\"owner\": \"Jonatan Upton\"}',1,NULL,'2018-02-07 17:15:27','2021-05-03 14:22:34'),(25,97,'http://dropbox.net/vk/application/vnd.wolfram.player',19628,'{\"owner\": \"Jennie Ziemann\"}',1,NULL,'2020-04-09 20:23:57','2021-05-03 14:22:34'),(26,48,'http://dropbox.net/vk/application/x-xfig',58269439,'{\"owner\": \"Joaquin Lindgren\"}',2,NULL,'2016-12-05 01:49:16','2021-05-03 14:22:34'),(27,48,'http://dropbox.net/vk/application/x-gca-compressed',1531703,'{\"owner\": \"Joaquin Lindgren\"}',3,NULL,'2013-07-02 23:06:34','2021-05-03 14:22:34'),(28,98,'http://dropbox.net/vk/application/vnd.koan',329949814,'{\"owner\": \"Tamara Bechtelar\"}',3,NULL,'2020-02-13 02:32:21','2021-05-03 14:22:34'),(29,43,'http://dropbox.net/vk/application/x-ms-wmz',946259492,'{\"owner\": \"Kamille McCullough\"}',1,NULL,'2017-11-09 08:45:17','2021-05-03 14:22:34'),(30,21,'http://dropbox.net/vk/application/vnd.dart',11309,'{\"owner\": \"Elise Douglas\"}',1,NULL,'2015-03-20 09:27:23','2021-05-03 14:22:34'),(31,77,'http://dropbox.net/vk/application/vnd.shana.informed.formtemplate',1224878,'{\"owner\": \"Iva Corkery\"}',1,NULL,'2014-10-20 08:50:30','2021-05-03 14:22:34'),(32,20,'http://dropbox.net/vk/application/vnd.ms-works',7589631,'{\"owner\": \"Arnoldo Gerlach\"}',3,NULL,'2014-08-27 09:29:08','2021-05-03 14:22:34'),(33,67,'http://dropbox.net/vk/image/webp',510075225,'{\"owner\": \"Grover Runte\"}',2,NULL,'2014-01-15 11:09:55','2021-05-03 14:22:34'),(34,76,'http://dropbox.net/vk/image/vnd.dwg',3343046,'{\"owner\": \"Caleigh Lesch\"}',3,NULL,'2016-08-22 19:45:07','2021-05-03 14:22:34'),(35,77,'http://dropbox.net/vk/application/vnd.openxmlformats-officedocument.presentationml.presentation',3936338,'{\"owner\": \"Iva Corkery\"}',2,NULL,'2017-02-28 01:32:51','2021-05-03 14:22:34'),(36,55,'http://dropbox.net/vk/application/vnd.epson.ssf',5491,'{\"owner\": \"Ocie Wilderman\"}',1,NULL,'2019-08-18 04:33:32','2021-05-03 14:22:34'),(37,47,'http://dropbox.net/vk/video/x-ms-wmx',3381,'{\"owner\": \"Norene Swift\"}',2,NULL,'2012-12-19 12:51:51','2021-05-03 14:22:34'),(38,68,'http://dropbox.net/vk/application/wsdl+xml',9642553,'{\"owner\": \"Milo Hoeger\"}',2,NULL,'2016-11-02 00:06:26','2021-05-03 14:22:34'),(39,98,'http://dropbox.net/vk/application/xcap-diff+xml',6393750,'{\"owner\": \"Tamara Bechtelar\"}',1,NULL,'2020-12-31 14:25:19','2021-05-03 14:22:34'),(40,85,'http://dropbox.net/vk/video/vnd.vivo',85477198,'{\"owner\": \"Hilma Krajcik\"}',1,NULL,'2012-10-13 20:07:54','2021-05-03 14:22:34'),(41,29,'http://dropbox.net/vk/video/x-ms-asf',18241,'{\"owner\": \"Jed Ankunding\"}',3,NULL,'2019-12-18 21:58:22','2021-05-03 14:22:34'),(42,91,'http://dropbox.net/vk/application/mets+xml',3031093,'{\"owner\": \"Jana Tremblay\"}',2,NULL,'2014-07-21 20:51:25','2021-05-03 14:22:34'),(43,69,'http://dropbox.net/vk/application/x-chat',5964215,'{\"owner\": \"Maye Willms\"}',1,NULL,'2017-01-01 20:05:24','2021-05-03 14:22:34'),(44,72,'http://dropbox.net/vk/application/jsonml+json',59449,'{\"owner\": \"Alfonso Yundt\"}',2,NULL,'2016-12-28 06:55:18','2021-05-03 14:22:34'),(45,52,'http://dropbox.net/vk/application/vnd.ms-ims',717799,'{\"owner\": \"Laurine Quigley\"}',1,NULL,'2014-09-05 07:44:59','2021-05-03 14:22:34'),(46,44,'http://dropbox.net/vk/image/vnd.fujixerox.edmics-mmr',82450104,'{\"owner\": \"Gaylord Olson\"}',2,NULL,'2017-03-01 20:51:01','2021-05-03 14:22:34'),(47,62,'http://dropbox.net/vk/application/x-java-jnlp-file',50542,'{\"owner\": \"Milo Koepp\"}',1,NULL,'2019-09-07 18:20:15','2021-05-03 14:22:34'),(48,78,'http://dropbox.net/vk/application/vnd.sun.xml.writer.global',957406266,'{\"owner\": \"Cordia Gottlieb\"}',2,NULL,'2018-02-27 19:30:56','2021-05-03 14:22:34'),(49,3,'http://dropbox.net/vk/image/x-freehand',84281,'{\"owner\": \"Chase West\"}',1,NULL,'2020-07-06 13:53:24','2021-05-03 14:22:34'),(50,79,'http://dropbox.net/vk/application/vnd.wqd',122211266,'{\"owner\": \"Esther Schiller\"}',2,NULL,'2014-06-18 04:19:02','2021-05-03 14:22:34'),(51,88,'http://dropbox.net/vk/text/cache-manifest',95803848,'{\"owner\": \"Rodolfo Quitzon\"}',2,NULL,'2014-10-29 19:02:01','2021-05-03 14:22:34'),(52,100,'http://dropbox.net/vk/model/vnd.dwf',5686352,'{\"owner\": \"Amy Roberts\"}',1,NULL,'2020-11-20 04:23:37','2021-05-03 14:22:34'),(53,37,'http://dropbox.net/vk/application/vnd.oasis.opendocument.text-web',6268361,'{\"owner\": \"Garrick Dare\"}',1,NULL,'2011-07-05 20:39:35','2021-05-03 14:22:34'),(54,85,'http://dropbox.net/vk/video/3gpp',18359441,'{\"owner\": \"Hilma Krajcik\"}',3,NULL,'2014-05-05 06:41:50','2021-05-03 14:22:34'),(55,14,'http://dropbox.net/vk/application/vnd.koan',51341991,'{\"owner\": \"Birdie Toy\"}',1,NULL,'2015-05-08 20:47:02','2021-05-03 14:22:34'),(56,12,'http://dropbox.net/vk/audio/x-pn-realaudio',2167653,'{\"owner\": \"Brannon Block\"}',3,NULL,'2016-05-30 05:22:04','2021-05-03 14:22:34'),(57,19,'http://dropbox.net/vk/video/x-m4v',4272749,'{\"owner\": \"Darren Bernier\"}',1,NULL,'2018-12-01 11:51:24','2021-05-03 14:22:34'),(58,57,'http://dropbox.net/vk/application/vnd.visionary',49794506,'{\"owner\": \"Stanford Prohaska\"}',2,NULL,'2017-03-01 02:36:38','2021-05-03 14:22:34'),(59,30,'http://dropbox.net/vk/video/x-ms-wvx',9297731,'{\"owner\": \"Domenico Kreiger\"}',2,NULL,'2015-04-05 21:59:57','2021-05-03 14:22:34'),(60,76,'http://dropbox.net/vk/image/x-xbitmap',955531,'{\"owner\": \"Caleigh Lesch\"}',1,NULL,'2019-09-20 13:03:52','2021-05-03 14:22:34'),(61,90,'http://dropbox.net/vk/application/vnd.ms-artgalry',4752098,'{\"owner\": \"Filomena Nicolas\"}',1,NULL,'2017-04-22 03:18:00','2021-05-03 14:22:34'),(62,23,'http://dropbox.net/vk/application/x-bittorrent',2548662,'{\"owner\": \"Jazmyne Lesch\"}',3,NULL,'2011-05-21 08:38:10','2021-05-03 14:22:34'),(63,43,'http://dropbox.net/vk/text/html',99889026,'{\"owner\": \"Kamille McCullough\"}',2,NULL,'2018-09-23 09:37:28','2021-05-03 14:22:34'),(64,48,'http://dropbox.net/vk/application/octet-stream',9915066,'{\"owner\": \"Joaquin Lindgren\"}',1,NULL,'2016-01-04 20:04:03','2021-05-03 14:22:34'),(65,8,'http://dropbox.net/vk/application/vnd.ms-excel.sheet.macroenabled.12',1919344,'{\"owner\": \"Adella Pouros\"}',1,NULL,'2020-12-02 21:51:47','2021-05-03 14:22:34'),(66,94,'http://dropbox.net/vk/application/mods+xml',9841521,'{\"owner\": \"Reagan Schaden\"}',3,NULL,'2011-07-17 20:02:45','2021-05-03 14:22:34'),(67,48,'http://dropbox.net/vk/application/x-7z-compressed',1360395,'{\"owner\": \"Joaquin Lindgren\"}',2,NULL,'2015-08-19 14:11:31','2021-05-03 14:22:34'),(68,56,'http://dropbox.net/vk/application/vnd.oasis.opendocument.formula-template',3439576,'{\"owner\": \"Michel White\"}',2,NULL,'2018-10-21 11:26:42','2021-05-03 14:22:34'),(69,35,'http://dropbox.net/vk/application/vnd.triscape.mxs',7663317,'{\"owner\": \"Brett Collins\"}',2,NULL,'2017-06-04 09:39:32','2021-05-03 14:22:34'),(70,8,'http://dropbox.net/vk/text/sgml',377814232,'{\"owner\": \"Adella Pouros\"}',3,NULL,'2017-04-19 06:35:45','2021-05-03 14:22:34'),(71,33,'http://dropbox.net/vk/application/xproc+xml',3102934,'{\"owner\": \"Jewel Jakubowski\"}',1,NULL,'2019-10-11 06:28:42','2021-05-03 14:22:34'),(72,41,'http://dropbox.net/vk/image/png',7987859,'{\"owner\": \"Isobel Johns\"}',1,NULL,'2012-04-04 09:43:34','2021-05-03 14:22:34'),(73,6,'http://dropbox.net/vk/model/x3d+vrml',8137482,'{\"owner\": \"Elfrieda Bayer\"}',1,NULL,'2011-12-04 14:08:41','2021-05-03 14:22:34'),(74,7,'http://dropbox.net/vk/text/css',998008253,'{\"owner\": \"Sharon Koelpin\"}',1,NULL,'2020-02-26 10:58:49','2021-05-03 14:22:34'),(75,14,'http://dropbox.net/vk/application/vnd.igloader',6939343,'{\"owner\": \"Birdie Toy\"}',3,NULL,'2017-06-11 04:56:02','2021-05-03 14:22:34'),(76,52,'http://dropbox.net/vk/video/mpeg',520141846,'{\"owner\": \"Laurine Quigley\"}',3,NULL,'2017-12-18 13:18:11','2021-05-03 14:22:34'),(77,14,'http://dropbox.net/vk/text/vnd.dvb.subtitle',723140,'{\"owner\": \"Birdie Toy\"}',1,NULL,'2014-03-20 23:33:46','2021-05-03 14:22:34'),(78,15,'http://dropbox.net/vk/model/mesh',83938930,'{\"owner\": \"Stephon Okuneva\"}',2,NULL,'2017-10-25 15:10:08','2021-05-03 14:22:34'),(79,34,'http://dropbox.net/vk/application/vnd.visionary',2787670,'{\"owner\": \"Judson Spinka\"}',3,NULL,'2016-03-30 17:42:28','2021-05-03 14:22:34'),(80,22,'http://dropbox.net/vk/application/vnd.quark.quarkxpress',1758933,'{\"owner\": \"Muhammad Mitchell\"}',3,NULL,'2018-11-17 10:45:31','2021-05-03 14:22:34'),(81,7,'http://dropbox.net/vk/application/x-cdlink',421656,'{\"owner\": \"Sharon Koelpin\"}',2,NULL,'2016-01-12 18:01:07','2021-05-03 14:22:34'),(82,69,'http://dropbox.net/vk/application/vnd.lotus-approach',9470,'{\"owner\": \"Maye Willms\"}',2,NULL,'2020-07-23 23:22:03','2021-05-03 14:22:34'),(83,26,'http://dropbox.net/vk/application/vnd.oasis.opendocument.text',687291,'{\"owner\": \"Katharina Marvin\"}',3,NULL,'2014-05-01 02:25:07','2021-05-03 14:22:34'),(84,21,'http://dropbox.net/vk/application/xproc+xml',6821480,'{\"owner\": \"Elise Douglas\"}',3,NULL,'2019-08-29 12:25:01','2021-05-03 14:22:34'),(85,26,'http://dropbox.net/vk/application/x-latex',3238904,'{\"owner\": \"Katharina Marvin\"}',3,NULL,'2016-10-29 00:19:12','2021-05-03 14:22:34'),(86,68,'http://dropbox.net/vk/application/vnd.dreamfactory',2832432,'{\"owner\": \"Milo Hoeger\"}',2,NULL,'2013-09-05 14:58:58','2021-05-03 14:22:34'),(87,60,'http://dropbox.net/vk/application/x-t3vm-image',566242385,'{\"owner\": \"Margarett Huels\"}',1,NULL,'2019-02-01 23:27:58','2021-05-03 14:22:34'),(88,97,'http://dropbox.net/vk/application/x-chess-pgn',1647599,'{\"owner\": \"Jennie Ziemann\"}',1,NULL,'2016-04-05 09:47:52','2021-05-03 14:22:34'),(89,5,'http://dropbox.net/vk/application/vnd.sun.xml.writer',3687723,'{\"owner\": \"Maurice Little\"}',3,NULL,'2019-07-13 18:29:43','2021-05-03 14:22:34'),(90,35,'http://dropbox.net/vk/application/vnd.llamagraphics.life-balance.desktop',26992,'{\"owner\": \"Brett Collins\"}',3,NULL,'2021-04-23 17:57:31','2021-05-03 14:22:34'),(91,56,'http://dropbox.net/vk/text/x-vcard',94464617,'{\"owner\": \"Michel White\"}',1,NULL,'2016-12-07 21:45:28','2021-05-03 14:22:34'),(92,75,'http://dropbox.net/vk/application/vnd.oasis.opendocument.chart-template',9931321,'{\"owner\": \"Santos Bednar\"}',1,NULL,'2017-02-07 05:51:16','2021-05-03 14:22:34'),(93,6,'http://dropbox.net/vk/audio/ogg',8583435,'{\"owner\": \"Elfrieda Bayer\"}',1,NULL,'2021-02-12 16:19:34','2021-05-03 14:22:34'),(94,6,'http://dropbox.net/vk/application/vnd.visio',3113211,'{\"owner\": \"Elfrieda Bayer\"}',2,NULL,'2013-01-02 21:03:22','2021-05-03 14:22:34'),(95,12,'http://dropbox.net/vk/application/vnd.ecowin.chart',19850,'{\"owner\": \"Brannon Block\"}',1,NULL,'2019-10-12 12:39:54','2021-05-03 14:22:34'),(96,42,'http://dropbox.net/vk/application/vnd.fluxtime.clip',150830477,'{\"owner\": \"Arno Koepp\"}',1,NULL,'2013-07-18 13:16:55','2021-05-03 14:22:34'),(97,73,'http://dropbox.net/vk/application/xml-dtd',4552225,'{\"owner\": \"Julianne O\'Reilly\"}',2,NULL,'2019-02-14 20:11:43','2021-05-03 14:22:34'),(98,40,'http://dropbox.net/vk/text/vnd.wap.wml',83797905,'{\"owner\": \"Gregoria Bartell\"}',1,NULL,'2014-12-17 22:16:15','2021-05-03 14:22:34'),(99,80,'http://dropbox.net/vk/image/x-xbitmap',9805753,'{\"owner\": \"Greta Ward\"}',2,NULL,'2018-05-23 14:54:56','2021-05-03 14:22:34'),(100,79,'http://dropbox.net/vk/application/xspf+xml',9679133,'{\"owner\": \"Esther Schiller\"}',1,NULL,'2015-10-31 04:46:21','2021-05-03 14:22:34');
/*!40000 ALTER TABLE `media` ENABLE KEYS */;
UNLOCK TABLES;

--
-- Table structure for table `media_types`
--

DROP TABLE IF EXISTS `media_types`;
/*!40101 SET @saved_cs_client     = @@character_set_client */;
/*!50503 SET character_set_client = utf8mb4 */;
CREATE TABLE `media_types` (
  `id` int unsigned NOT NULL AUTO_INCREMENT COMMENT '╨Ш╨┤╨╡╨╜╤В╨╕╤Д╨╕╨║╨░╤В╨╛╤А ╤Б╤В╤А╨╛╨║╨╕',
  `name` varchar(255) CHARACTER SET utf8mb4 COLLATE utf8mb4_unicode_ci NOT NULL COMMENT '╨Э╨░╨╖╨▓╨░╨╜╨╕╨╡ ╤В╨╕╨┐╨░',
  `created_at` datetime DEFAULT CURRENT_TIMESTAMP COMMENT '╨Т╤А╨╡╨╝╤П ╤Б╨╛╨╖╨┤╨░╨╜╨╕╤П ╤Б╤В╤А╨╛╨║╨╕',
  `updatedet_at` datetime DEFAULT CURRENT_TIMESTAMP ON UPDATE CURRENT_TIMESTAMP COMMENT '╨Т╤А╨╡╨╝╤П ╨╛╨▒╨╜╨╛╨▓╨╗╨╡╨╜╨╕╤П ╤Б╤В╤А╨╛╨║╨╕',
  PRIMARY KEY (`id`),
  UNIQUE KEY `name` (`name`)
) ENGINE=InnoDB AUTO_INCREMENT=4 DEFAULT CHARSET=utf8mb4 COLLATE=utf8mb4_unicode_ci COMMENT='╨в╨╕╨┐╤Л ╨╝╨╡╨┤╨╕╨░╤Д╨░╨╣╨╗╨╛╨▓';
/*!40101 SET character_set_client = @saved_cs_client */;

--
-- Dumping data for table `media_types`
--

LOCK TABLES `media_types` WRITE;
/*!40000 ALTER TABLE `media_types` DISABLE KEYS */;
INSERT INTO `media_types` VALUES (1,'photo','2021-05-03 14:16:22','2021-05-03 14:16:22'),(2,'video','2021-05-03 14:16:22','2021-05-03 14:16:22'),(3,'music','2021-05-03 14:16:22','2021-05-03 14:16:22');
/*!40000 ALTER TABLE `media_types` ENABLE KEYS */;
UNLOCK TABLES;

--
-- Table structure for table `messages`
--

DROP TABLE IF EXISTS `messages`;
/*!40101 SET @saved_cs_client     = @@character_set_client */;
/*!50503 SET character_set_client = utf8mb4 */;
CREATE TABLE `messages` (
  `id` int unsigned NOT NULL AUTO_INCREMENT COMMENT '╨Ш╨┤╨╡╨╜╤В╨╕╤Д╨╕╨║╨░╤В╨╛╤А ╤Б╤В╤А╨╛╨║╨╕',
  `from_user_id` int unsigned NOT NULL COMMENT '╨Ю╤В ╨║╨╛╨│╨╛',
  `to_user_id` int unsigned NOT NULL COMMENT '╨Ъ╨╛╨╝╤Г',
  `body` text CHARACTER SET utf8mb4 COLLATE utf8mb4_unicode_ci NOT NULL COMMENT '╨в╨╡╨║╤Б╤В ╤Б╨╛╨╛╨▒╤Й╨╡╨╜╨╕╤П',
  `media_id` int unsigned DEFAULT NULL,
  `is_important` tinyint(1) DEFAULT NULL COMMENT '╨Я╤А╨╕╨╖╨╜╨░╨║ ╨▓╨░╨╢╨╜╨╛╤Б╤В╨╕',
  `delivered_at` timestamp NULL DEFAULT NULL,
  `created_at` datetime DEFAULT CURRENT_TIMESTAMP COMMENT '╨Т╤А╨╡╨╝╤П ╤Б╨╛╨╖╨┤╨░╨╜╨╕╤П ╤Б╤В╤А╨╛╨║╨╕',
  PRIMARY KEY (`id`)
) ENGINE=InnoDB AUTO_INCREMENT=101 DEFAULT CHARSET=utf8mb4 COLLATE=utf8mb4_unicode_ci COMMENT='╨б╨╛╨╛╨▒╤Й╨╡╨╜╨╕╤П';
/*!40101 SET character_set_client = @saved_cs_client */;

--
-- Dumping data for table `messages`
--

LOCK TABLES `messages` WRITE;
/*!40000 ALTER TABLE `messages` DISABLE KEYS */;
INSERT INTO `messages` VALUES (1,43,14,'Odit ut mollitia soluta voluptatem ea quasi omnis. Ea consectetur voluptatem suscipit temporibus similique perspiciatis. Voluptatem dicta velit quis repellat autem esse. Iste qui quam recusandae commodi.',78,0,NULL,'2016-09-06 11:41:00'),(2,83,29,'Ut illum rerum fugiat nostrum tempora itaque. Eaque nostrum animi quis illum. At voluptatem officiis iusto ut cupiditate.',40,0,NULL,'2012-10-18 03:23:56'),(3,88,100,'Beatae officiis deleniti nesciunt eaque. Magnam non eveniet officia quis qui veniam. Quisquam vitae repellat sit ab repudiandae libero.',63,0,NULL,'2014-11-05 11:35:55'),(4,91,14,'Occaecati laborum sequi sapiente iusto sit. Amet non hic ad minus adipisci consequatur. Sunt enim perspiciatis maiores fugiat maxime et ipsam aperiam.',98,0,NULL,'2016-10-03 19:08:46'),(5,91,67,'Facere sint earum quaerat et ut magnam. Consequatur nesciunt in sed cum. Dolor consequuntur voluptatibus consequatur repudiandae distinctio. Incidunt facilis voluptas perferendis qui tenetur occaecati.',97,1,NULL,'2018-01-20 11:03:52'),(6,82,95,'Sint atque deserunt sint eum asperiores quod. Quam enim pariatur voluptatem necessitatibus. Aut ut ea veritatis ut aliquid dolores aut quo. Iste sit eligendi provident officia ea voluptate voluptatibus.',92,1,NULL,'2020-07-03 15:24:30'),(7,35,71,'Ut commodi ducimus aut inventore aut. Rerum sit incidunt doloribus laboriosam reprehenderit. Ipsa ut sit omnis aut natus ratione tenetur.',66,1,NULL,'2019-02-13 06:44:19'),(8,27,71,'Reprehenderit reprehenderit quibusdam sapiente est enim fugit sed corrupti. Amet tempore a ut. Occaecati facere fuga assumenda rerum. Dignissimos aut dicta voluptatem ipsam enim quae qui.',56,1,NULL,'2013-04-15 14:23:52'),(9,32,43,'Saepe nihil aut consectetur dicta sint a. Iste quia maxime perspiciatis et iusto id. Rerum ipsum dolorem placeat aliquid.',83,1,NULL,'2020-04-23 20:37:10'),(10,79,99,'Omnis non nostrum ut labore. Consequatur exercitationem dolorem ea molestiae aut. Quia ut ut aperiam voluptatem reiciendis deserunt.',45,0,NULL,'2017-08-17 20:47:34'),(11,98,65,'Molestias voluptatem et nihil voluptas non quidem. Est fugit minus est ut excepturi quasi quasi. Occaecati sapiente quos voluptas atque.',76,0,NULL,'2020-02-21 03:46:48'),(12,51,26,'Quia voluptas minima reprehenderit adipisci suscipit sed aliquid. Non eligendi ex modi et ducimus consequatur in.',45,1,NULL,'2018-01-29 10:35:35'),(13,62,38,'Sit dignissimos voluptas est dolorem est praesentium est. Occaecati recusandae vel ut est dicta iste. Amet architecto dolorum at numquam. Iusto expedita earum eaque assumenda. Voluptate quia qui et dignissimos facere officia dolorem et.',98,1,NULL,'2020-11-24 12:21:31'),(14,58,11,'Possimus est dolores nam facere. Nemo et ad non reprehenderit sint earum.',52,0,NULL,'2020-11-05 13:19:35'),(15,3,42,'Eligendi saepe sapiente labore ut accusamus. Quis provident cumque quidem natus quia. Aut fugit quasi ad saepe et.',68,1,'2020-08-20 21:00:00','2019-05-09 13:47:40'),(16,39,74,'Maxime ut cum deleniti voluptate amet omnis cumque. Velit saepe repellat et quis dolor. Sunt adipisci nulla neque veniam.',81,0,NULL,'2017-04-06 18:52:36'),(17,86,44,'Tempora rem et cupiditate dicta iusto. Rem sint aliquid consequuntur quia sed. Iste unde vero minima reprehenderit animi. Porro et omnis quasi pariatur sit.',99,0,NULL,'2014-04-24 13:44:52'),(18,14,99,'Facere ab blanditiis similique quia. Sed dolorem dolor blanditiis quas culpa. Cupiditate minima sit cupiditate at eligendi vel vel. Non minima sunt vel harum impedit deleniti expedita.',54,0,'2020-09-25 21:00:00','2015-03-07 14:24:28'),(19,10,62,'Reiciendis nam voluptatem vel. Ut vel eaque quo incidunt. Eos odit iste architecto accusamus.',73,0,'2020-10-04 21:00:00','2018-08-10 10:44:01'),(20,8,11,'Nemo architecto id ut earum consectetur placeat. Totam vel omnis dignissimos a omnis. Eveniet beatae eius qui sint ad. Aliquid dolores velit quisquam dolorum perferendis.',2,0,'2020-12-24 21:00:00','2020-07-23 02:58:44'),(21,11,69,'Libero natus autem dolore sapiente inventore unde. Aut et vitae dolorem. Voluptas et necessitatibus doloribus facilis perferendis.',89,1,'2020-11-08 21:00:00','2011-07-06 11:00:01'),(22,29,13,'Optio magni deserunt voluptas omnis sint expedita. Harum autem molestiae impedit eum voluptatem. Soluta occaecati culpa tempora dolorem et nobis.',41,1,NULL,'2015-07-30 10:53:57'),(23,11,55,'Facilis molestias vel ipsa sequi. Qui facere quos necessitatibus perferendis vel. Non laboriosam autem quia sint voluptas. Enim sit iusto dolores sequi amet facilis et natus.',35,0,'2020-09-17 21:00:00','2018-02-26 14:20:05'),(24,67,36,'Possimus quos dolorum consequatur est laboriosam. Mollitia deleniti magni et minima alias sed eos. Voluptatem illo tempore eveniet. Iure aut voluptatem repellendus porro sit esse.',53,0,NULL,'2018-04-08 11:24:57'),(25,2,17,'Veniam ducimus eius quo cupiditate sed. Et error aspernatur voluptate sit pariatur. Labore dolor deserunt tempore ut sed ut quisquam.',57,1,'2020-10-05 21:00:00','2012-05-16 15:30:24'),(26,8,73,'Et eius quibusdam ut dolores et. Repellendus quia tempore aliquid repellendus. Dolore ex laboriosam iure alias eius. Rerum repellat dolorem debitis sit quidem enim incidunt. Mollitia veniam voluptatem repudiandae recusandae.',29,0,'2020-09-02 21:00:00','2013-01-20 01:42:45'),(27,35,15,'Et mollitia atque aut officia. Consequatur quasi expedita ut consequatur ullam sunt qui ut. Illum sed et sequi quae repellat ea et quod.',71,1,NULL,'2014-02-23 19:13:16'),(28,51,54,'Commodi ducimus dignissimos fugiat dolorem. Numquam atque dolores autem. Sunt mollitia corporis fuga aliquid reiciendis dolor. Voluptatem id molestiae impedit est assumenda ducimus consequatur.',68,0,NULL,'2020-11-03 04:19:37'),(29,50,27,'In quaerat deserunt sit a corrupti numquam dolorem eligendi. Et ea consequatur rerum quas et dolorem sit. Accusantium magni error sit quis asperiores. Ut in accusamus suscipit sit nobis nobis eligendi aut.',26,1,NULL,'2011-11-07 12:06:28'),(30,97,71,'Sed repellat deleniti tenetur et fugit aperiam eligendi. Et vero non animi repudiandae est. Id dolor possimus sint blanditiis quae sunt et. Facilis quia laboriosam et fuga quam perspiciatis.',26,0,NULL,'2016-11-16 23:05:48'),(31,32,74,'Laboriosam sed vitae optio id beatae sed tempore. Voluptatem laborum aperiam iusto illo deleniti. Dolor voluptatibus voluptatum voluptas sint. Ab corporis ea autem.',51,1,NULL,'2012-11-13 01:43:38'),(32,67,55,'Omnis earum similique temporibus debitis. Pariatur animi non aliquid iure aut consectetur quia et. Et tenetur quisquam fugit tempora ipsa repudiandae molestias. Sunt inventore voluptates qui excepturi rerum. Aperiam dolores asperiores iusto.',76,1,NULL,'2014-01-13 10:02:30'),(33,42,53,'Minima ratione sint earum distinctio et qui vitae. Dicta sed debitis autem fuga ullam itaque in. Et doloribus quaerat corporis ut sed ea est. Nobis odit rerum ea sunt eos.',25,1,NULL,'2021-02-01 10:53:27'),(34,8,98,'Corrupti commodi fugiat nam deleniti rem ut sed. In fugit corporis ut porro illum sequi. Et itaque eligendi et delectus doloremque tenetur sed voluptas. Nobis est maxime asperiores modi id sit voluptatum possimus.',100,1,'2020-11-02 21:00:00','2019-04-10 07:34:12'),(35,15,34,'Aut consequatur saepe est. Omnis natus voluptas laudantium saepe debitis. Laborum quia suscipit maxime aperiam unde.',22,1,'2020-10-18 21:00:00','2015-09-29 00:49:05'),(36,47,73,'In ut aut vel est praesentium optio voluptas. Neque placeat adipisci nihil officiis placeat velit distinctio. Iure tempore et optio sint. Et sint nam et fugit molestias. Nihil est quidem non minus sint et sunt.',8,1,NULL,'2018-03-27 16:51:37'),(37,91,64,'Est ab non et accusantium ipsam doloribus. Eos unde quidem laudantium totam velit dolores quidem. Soluta ea veniam et illo fuga.',76,0,NULL,'2020-04-25 05:25:16'),(38,13,99,'Saepe culpa dolores repellendus amet aut et. Qui quo dignissimos quia doloribus. Omnis ad quibusdam commodi ea. Suscipit consectetur corrupti error modi expedita repudiandae culpa.',55,0,'2020-11-05 21:00:00','2012-03-28 08:36:08'),(39,90,5,'Vero voluptas commodi labore qui. Eius et excepturi ipsam praesentium molestias nobis et. Quasi modi ipsam molestiae praesentium sapiente. Saepe voluptate corrupti iste pariatur facere non molestias.',46,1,NULL,'2017-01-23 21:15:13'),(40,14,27,'Illum facere et eos rerum repudiandae illo dignissimos. Rerum dolore aut ea a sed ut quis. Vel neque consequatur voluptas enim. Et ut quaerat eum.',67,0,'2020-11-02 21:00:00','2014-10-21 19:14:53'),(41,96,17,'Ullam harum earum soluta ipsa. Numquam voluptatum pariatur dolores quia in quaerat. Aut consequuntur inventore aperiam dolores eos. Adipisci nisi consequatur perspiciatis et reprehenderit. Quaerat quisquam sed ut deleniti.',94,1,NULL,'2015-12-14 16:01:52'),(42,41,4,'Ratione et laudantium ut qui est voluptate. Nulla iusto dolorem consequuntur aliquid quas. Vel architecto ut in laboriosam ipsa eligendi voluptas iste. Omnis aliquam rerum vero fuga sed in.',68,0,NULL,'2016-02-17 12:10:25'),(43,14,70,'Et ipsam impedit maxime et. Facere distinctio quisquam doloremque labore quasi. Culpa quam quidem provident corporis commodi.',60,0,'2020-08-27 21:00:00','2016-11-15 03:54:50'),(44,47,39,'Inventore velit incidunt et ullam ut voluptatem. Molestiae quia aspernatur reprehenderit consequatur sunt. Vitae earum rerum et. Qui eveniet vel quia.',93,0,NULL,'2020-07-26 07:42:34'),(45,91,83,'Molestias nam aut sed qui dolor consectetur sequi et. Laborum aut incidunt illo ut perferendis incidunt molestiae cupiditate. Quibusdam perferendis assumenda rerum voluptate ea illo vitae repudiandae.',85,0,NULL,'2017-06-07 22:22:54'),(46,13,96,'Adipisci omnis accusamus ut necessitatibus. Reprehenderit in esse sint molestias. Et consequatur ducimus quod minus alias minima quia. Maiores facilis qui suscipit dolor reprehenderit et nulla.',45,1,'2020-11-26 21:00:00','2018-09-27 19:10:39'),(47,93,30,'Dolores aut ipsam amet dolorem doloribus neque. Tempora inventore qui reprehenderit non eum quidem quam. Modi velit et numquam.',71,1,NULL,'2015-12-26 19:24:15'),(48,27,63,'Illo dolorem error illo tempore sint dignissimos. Earum quae qui porro distinctio cumque at soluta. Odit ut deserunt inventore officiis consequatur.',21,1,NULL,'2016-11-03 08:37:54'),(49,55,22,'Enim est quo quibusdam laborum et. Praesentium unde unde autem qui incidunt aut. Repudiandae alias eaque qui et facere maxime.',88,1,NULL,'2017-12-11 03:55:41'),(50,91,23,'Enim beatae assumenda quo quia. Incidunt voluptatem id voluptate aut asperiores autem sunt. Rerum sed officiis cumque delectus id reprehenderit. Sint consectetur vitae optio qui reiciendis eligendi ea. Vitae libero perferendis quae et omnis.',78,0,NULL,'2012-01-06 02:24:02'),(51,93,46,'Qui voluptates tenetur sed sit asperiores et qui. Recusandae et explicabo quia blanditiis sint repellat. Rerum cum enim sapiente mollitia provident.',24,1,NULL,'2017-02-08 17:41:37'),(52,89,61,'Ipsum nulla itaque sed ullam non quia esse. Consequatur qui qui omnis non possimus quis ea. Ab vel reiciendis alias harum.',85,0,NULL,'2015-06-16 22:27:29'),(53,66,69,'Et officiis porro et et pariatur nam minus. Ullam ipsa ipsa voluptates magnam assumenda aut. Ea occaecati nesciunt consequatur commodi. Incidunt illum quod omnis earum quisquam voluptate. Omnis molestiae est qui sit aut amet est.',53,1,NULL,'2015-05-22 23:50:06'),(54,61,60,'Perspiciatis qui est aut dolor inventore omnis possimus sit. A nisi fugiat eum consequatur quod. Eum consectetur velit nesciunt quia sapiente consequuntur quibusdam. Error facere nihil quos nihil voluptatem perspiciatis.',9,1,NULL,'2020-01-24 22:19:15'),(55,6,92,'Aut temporibus sed natus rem sequi nostrum. Eaque quia voluptas asperiores occaecati. Aliquid rerum aut quas sequi et eligendi maxime. Qui fugiat fugit rerum dolores in odio ut.',87,1,'2020-10-14 21:00:00','2014-12-07 02:12:34'),(56,49,81,'Illum distinctio sit quam debitis. Dolores ullam laudantium doloribus magni laborum iusto mollitia. Quo voluptatem autem incidunt aut. Ducimus cupiditate et qui. Rerum porro impedit ad et voluptatibus.',5,0,NULL,'2019-09-23 18:06:34'),(57,26,27,'Sint exercitationem aut ut dolor voluptatem hic iusto. Debitis et et itaque qui consequuntur beatae. Molestias eum ullam est magni.',65,0,NULL,'2011-06-26 11:06:47'),(58,83,91,'Modi omnis qui aliquam et est. Unde beatae quia dolores pariatur in.',8,0,NULL,'2020-07-21 22:16:50'),(59,37,73,'Sed quis ut aut. Reprehenderit laudantium amet quaerat adipisci. Eos quibusdam odit ex sed. Aut voluptatem debitis expedita deserunt cum corporis.',43,1,NULL,'2020-06-29 18:48:56'),(60,33,92,'Dolores sunt enim ex odit provident pariatur. Voluptatem adipisci occaecati nobis odit ducimus aliquid ad. Rem dolor possimus voluptatibus quis quo ut quaerat.',94,0,NULL,'2020-05-04 05:40:55'),(61,57,41,'Perspiciatis soluta quia voluptate adipisci aperiam. Est veniam deserunt et excepturi quaerat dolores repellat. Harum officiis temporibus veniam doloribus est eos explicabo numquam. Repellat similique aspernatur id qui corporis est.',38,1,NULL,'2019-02-17 22:55:07'),(62,83,29,'Alias modi molestias cumque aliquid illum. Quam vel cum ipsam qui voluptatem optio. Consequatur accusantium rem molestiae tempora eius eaque fugit occaecati.',9,0,NULL,'2017-03-07 03:43:54'),(63,44,21,'Rem sint ducimus ea esse. Est asperiores sit molestiae eveniet. Nihil eaque ab et quos.',30,1,NULL,'2014-01-26 09:50:53'),(64,71,15,'Voluptatum reiciendis optio assumenda accusamus et. Sit doloribus maiores aut qui. Laudantium voluptatem accusantium dignissimos fugiat eos. Ipsam vitae praesentium nemo voluptas. Odit aliquam voluptas mollitia odit.',21,1,NULL,'2015-06-05 20:07:51'),(65,22,15,'Odio corrupti quia iste quidem enim rerum. Dolores commodi vitae eligendi iure similique sed earum. Rerum mollitia pariatur quod veniam quo quia nisi quam.',15,0,NULL,'2019-04-27 12:53:45'),(66,98,30,'Occaecati sed repellat sequi sunt consequatur enim. Veritatis mollitia aut ex vero. Qui rerum praesentium nobis modi dolorem animi quaerat fugiat. Nostrum sint eum delectus qui et voluptas. Ex in magnam placeat dicta.',10,1,NULL,'2020-08-13 10:49:53'),(67,24,3,'Libero reiciendis laudantium iusto tempora qui tempora inventore eos. Officiis commodi expedita quaerat provident adipisci adipisci. Ut repudiandae velit reprehenderit rerum sit est. Qui quam nihil voluptatem.',5,0,NULL,'2011-10-26 09:19:59'),(68,23,25,'Ipsum doloremque voluptatem esse provident quam. Libero excepturi quam est ut est itaque est. Quis reiciendis rerum sapiente nesciunt quam. Voluptatum voluptas iusto et sapiente. Amet ea unde ut accusamus quidem non eius.',97,0,NULL,'2012-05-09 22:41:56'),(69,44,14,'Quidem iste hic natus nobis aliquid. Quo molestias esse nulla officiis distinctio facilis amet totam. Suscipit et delectus minus quod aliquid.',68,0,NULL,'2019-10-07 16:36:10'),(70,52,95,'Rem et sunt incidunt occaecati deserunt. Sit alias dolorem quo qui provident ut. Sed doloribus a consequatur laboriosam nemo natus dicta. Doloremque nostrum libero corporis autem.',48,1,NULL,'2012-03-06 19:47:59'),(71,25,31,'Fuga qui atque et. Repellendus ut qui et veritatis. Voluptatibus dolorem commodi minus in possimus eligendi explicabo. Eum cum laudantium repellat vel qui quod.',38,0,NULL,'2011-07-05 09:36:46'),(72,69,70,'Atque sunt quae quisquam totam. Totam et explicabo enim quo aut laudantium voluptatem. Atque aliquam porro recusandae qui fugiat et eum voluptatem.',44,1,NULL,'2013-04-08 00:21:29'),(73,71,57,'Fugit esse voluptas ratione recusandae beatae. Voluptatem nobis consectetur ratione soluta nam dolores qui. Quae sint atque quisquam dolor numquam est.',7,1,NULL,'2015-04-17 14:38:26'),(74,48,74,'Id sed facilis accusamus porro. Doloremque sit nemo blanditiis eum ea deleniti saepe. Cumque itaque repellendus consectetur ducimus est nihil sint error. Earum numquam quidem est fuga dolorum.',100,1,NULL,'2017-03-16 17:00:00'),(75,24,1,'Debitis itaque esse vitae temporibus. Beatae totam magni explicabo vero fugiat quidem hic. Facere sint laborum quis et molestias excepturi dolorem accusamus.',78,1,NULL,'2014-04-15 00:59:18'),(76,76,79,'Pariatur enim est pariatur cupiditate ipsum et. Ipsa doloribus repellendus unde in molestiae quibusdam. Animi dignissimos illum doloribus harum sint ipsam esse.',92,1,NULL,'2019-12-01 00:01:30'),(77,10,94,'Natus omnis deserunt numquam doloribus dolor dolor nulla. Corporis nesciunt et est enim. Ullam dolorum rem tempora dignissimos debitis laudantium. Provident deleniti repudiandae corporis necessitatibus incidunt odio voluptatibus.',24,1,'2020-12-26 21:00:00','2013-04-10 13:04:54'),(78,20,30,'Eum labore reprehenderit iure qui. Minima accusamus et repellat repellat id. Sed quas velit qui consectetur dolores. Dolor impedit ut tempore nihil. Enim voluptates qui aliquam eum.',45,1,NULL,'2020-07-07 13:52:51'),(79,68,68,'Laborum ipsa quas praesentium qui incidunt. Est explicabo dolorem sit. Odio rem dolor dolor aspernatur et inventore. Sed fugit in eveniet deserunt.',50,1,NULL,'2019-02-15 19:18:44'),(80,81,50,'Ut voluptates libero animi. Reprehenderit non officiis voluptatem repellat dolores et. Fugiat id dicta ea qui dignissimos rerum. Qui facere rem et saepe nam.',17,1,NULL,'2014-11-16 21:48:23'),(81,1,44,'Qui suscipit sunt ipsa rem non eligendi at. Nihil ab nulla ea aut. Nesciunt sunt non pariatur dolorem voluptatem magnam. Quae voluptatibus suscipit nesciunt molestiae assumenda esse.',32,1,'2020-10-21 21:00:00','2020-10-06 18:22:09'),(82,62,69,'Eos omnis quis ex. Voluptatem fugit eligendi voluptatem. Sit qui sint atque eius reprehenderit suscipit repellendus consequatur. Reiciendis molestiae voluptas molestias officiis.',10,0,NULL,'2019-02-18 14:43:48'),(83,7,14,'Nam quibusdam vel voluptas beatae illum amet et perspiciatis. Autem sit ducimus ad voluptatem suscipit. Rerum ratione dolor sapiente unde omnis quia ratione. Dolores laborum rem consequuntur eum doloribus exercitationem pariatur.',53,0,'2020-10-29 21:00:00','2017-03-10 09:56:09'),(84,49,61,'Aut reprehenderit quam velit provident sequi nisi. Laborum et explicabo debitis harum quae in officiis. Doloremque aut tempore quam animi tempore sunt consequuntur. Aut expedita ut veritatis sint cupiditate expedita.',33,1,NULL,'2018-08-12 18:51:57'),(85,21,61,'Amet animi voluptatibus velit sequi ab animi est. Delectus ut eum reiciendis animi. Vitae et eum qui veritatis.',6,1,NULL,'2021-02-05 11:42:51'),(86,58,25,'Iure officiis unde et nihil autem consequatur. Optio dolor quam nihil quo omnis sapiente natus ducimus. Voluptas aspernatur placeat ut voluptates occaecati consequatur fugit molestiae. Qui ut nostrum veniam beatae repellat.',29,1,NULL,'2018-10-05 11:25:27'),(87,25,41,'Et voluptatem quasi cupiditate nihil voluptatem in rem et. Autem odio quasi animi at amet eveniet. Quasi explicabo ut non sed.',27,0,NULL,'2015-10-09 06:59:03'),(88,53,28,'Sequi quam accusamus voluptate incidunt. Ducimus culpa temporibus perferendis atque dolore aut saepe. Quo excepturi ut magnam at.',49,1,NULL,'2016-09-01 08:37:46'),(89,87,15,'Magnam assumenda magnam eos. Reiciendis ut voluptatem officia voluptatibus animi itaque. Corporis itaque voluptatibus architecto et aut est voluptas. Totam ut accusamus amet corporis.',65,1,NULL,'2012-09-09 19:54:13'),(90,75,93,'Nisi hic at aspernatur quia temporibus animi. Explicabo facere non sed iusto quasi facilis vel. Quis qui alias officia illum. Ipsum dolores officiis et.',75,0,NULL,'2012-05-07 21:22:44'),(91,16,21,'Id nihil unde ut vel. Ratione necessitatibus architecto unde dolor ut. Qui est nostrum voluptatum voluptatem laborum officia placeat.',81,0,'2020-09-23 21:00:00','2018-02-27 10:12:23'),(92,55,23,'Sunt expedita et id. Quaerat et quisquam voluptatem rem corporis.',79,0,NULL,'2020-07-02 07:28:37'),(93,24,54,'Ex aut impedit ratione repellat id quia aperiam. Sit dolor quo saepe tenetur. Consectetur fugiat assumenda odit alias similique et reprehenderit.',52,0,NULL,'2014-10-23 10:35:35'),(94,56,99,'Vel omnis ratione aut distinctio. Mollitia voluptatem aliquam et tempore eum eaque eligendi. Vel consequatur cupiditate id eum quia qui. Nesciunt autem nostrum sed aut iure occaecati velit.',24,1,NULL,'2012-12-08 18:12:46'),(95,6,33,'Ut adipisci nesciunt est rerum. Ut consectetur excepturi sit enim debitis rerum laboriosam. Dolore voluptatem doloremque deserunt quia ut veritatis blanditiis. Facilis id quidem qui qui adipisci saepe odio. Atque nihil ut sed velit beatae voluptatibus et.',63,0,'2020-12-01 21:00:00','2012-08-19 05:36:21'),(96,63,67,'Quaerat a blanditiis natus quo tempora repellendus aut. Dolorum qui magni fuga assumenda mollitia ut minus. Minima ut esse tenetur et.',42,0,NULL,'2013-08-22 09:57:25'),(97,95,35,'Consequatur quo voluptas ut vitae similique placeat porro. Suscipit accusamus quia est aut consequuntur at. Voluptatibus excepturi ut aliquid quam aperiam. Sed iusto impedit nesciunt hic voluptatem autem. Dolorem eaque quos est doloremque.',22,0,NULL,'2020-02-05 12:34:47'),(98,85,75,'Nisi ipsam accusantium distinctio maiores ducimus voluptatem molestiae. Ea dolor error dolor explicabo. Eos necessitatibus repudiandae temporibus voluptatibus fugiat delectus ratione. Ut similique facere aut et.',82,1,NULL,'2019-11-14 09:08:06'),(99,41,68,'Vel quo recusandae voluptatum nemo eius blanditiis. Quia tempora voluptatum blanditiis doloremque consequatur corrupti cupiditate. Recusandae repellat impedit voluptatem sit porro maxime tenetur modi. Iusto fugiat qui repellat praesentium molestiae qui.',42,1,NULL,'2012-12-23 19:45:14'),(100,47,17,'Ratione tenetur suscipit voluptate fugit ex unde. Sed sit excepturi eum ipsa velit iusto quam. Exercitationem qui esse molestiae consequatur ad magnam.',64,1,NULL,'2011-09-03 22:11:11');
/*!40000 ALTER TABLE `messages` ENABLE KEYS */;
UNLOCK TABLES;

--
-- Table structure for table `profiles`
--

DROP TABLE IF EXISTS `profiles`;
/*!40101 SET @saved_cs_client     = @@character_set_client */;
/*!50503 SET character_set_client = utf8mb4 */;
CREATE TABLE `profiles` (
  `user_id` int unsigned NOT NULL,
  `gender` char(1) CHARACTER SET utf8mb4 COLLATE utf8mb4_unicode_ci NOT NULL,
  `birthday` date NOT NULL,
  `city_id` int unsigned DEFAULT NULL,
  `created_at` datetime DEFAULT CURRENT_TIMESTAMP,
  `updated_at` datetime DEFAULT CURRENT_TIMESTAMP ON UPDATE CURRENT_TIMESTAMP,
  PRIMARY KEY (`user_id`)
) ENGINE=InnoDB DEFAULT CHARSET=utf8mb4 COLLATE=utf8mb4_unicode_ci;
/*!40101 SET character_set_client = @saved_cs_client */;

--
-- Dumping data for table `profiles`
--

LOCK TABLES `profiles` WRITE;
/*!40000 ALTER TABLE `profiles` DISABLE KEYS */;
INSERT INTO `profiles` VALUES (1,'M','1974-09-24',74,'2016-07-10 09:27:58','2021-05-03 11:42:12'),(2,'M','1982-06-15',68,'2018-04-09 11:22:45','2021-05-03 11:42:12'),(3,'F','1988-10-09',61,'2013-09-20 21:40:53','2021-05-03 11:42:12'),(4,'F','1997-03-16',94,'2011-07-13 18:16:19','2021-05-03 11:42:12'),(5,'F','1982-01-28',51,'2019-06-20 14:24:11','2021-05-03 11:42:12'),(6,'F','1996-02-14',16,'2011-08-18 09:18:34','2021-05-03 11:42:12'),(7,'M','1996-09-28',26,'2018-10-12 08:19:32','2021-05-03 11:42:12'),(8,'F','1996-01-21',91,'2015-08-13 01:57:38','2021-05-03 11:42:12'),(9,'F','1990-10-02',98,'2017-04-18 13:12:57','2021-05-03 11:42:12'),(10,'F','1966-04-14',82,'2014-01-25 16:07:59','2021-05-03 11:42:12'),(11,'F','1974-11-10',56,'2017-11-22 14:27:58','2021-05-03 11:42:12'),(12,'F','1976-02-19',99,'2016-08-31 11:08:29','2021-05-03 11:42:12'),(13,'M','1995-02-16',67,'2012-01-14 01:42:01','2021-05-03 11:42:12'),(14,'F','1971-04-09',84,'2017-01-13 01:32:13','2021-05-03 11:42:12'),(15,'F','1986-08-28',68,'2018-02-11 15:05:28','2021-05-03 11:42:12'),(16,'F','1981-11-02',41,'2014-07-16 17:45:39','2021-05-03 11:42:12'),(17,'M','1988-04-03',93,'2020-03-11 21:44:25','2021-05-03 11:42:12'),(18,'M','1996-06-17',44,'2017-08-06 16:01:54','2021-05-03 11:42:12'),(19,'M','1979-11-26',60,'2011-08-11 05:33:24','2021-05-03 11:42:12'),(20,'F','1987-06-28',85,'2012-10-25 23:04:49','2021-05-03 11:42:12'),(21,'M','1998-06-08',54,'2018-02-25 09:42:07','2021-05-03 11:42:12'),(22,'M','1992-01-29',78,'2012-07-31 23:58:19','2021-05-03 11:42:12'),(23,'F','1965-10-13',93,'2019-12-22 22:59:08','2021-05-03 11:42:12'),(24,'M','1968-05-14',53,'2015-02-10 11:04:39','2021-05-03 11:42:12'),(25,'F','1983-07-11',4,'2019-12-14 08:31:31','2021-05-03 11:42:12'),(26,'F','1974-11-20',78,'2012-01-08 08:05:47','2021-05-03 11:42:12'),(27,'F','1962-11-22',33,'2014-12-25 11:54:26','2021-05-03 11:42:12'),(28,'F','1967-02-25',84,'2018-12-21 09:18:20','2021-05-03 11:42:12'),(29,'M','1986-02-12',65,'2019-04-16 06:19:53','2021-05-03 11:42:12'),(30,'M','1991-06-30',49,'2013-06-19 06:34:16','2021-05-03 11:42:12'),(31,'F','1961-06-28',61,'2012-04-24 10:15:19','2021-05-03 11:42:12'),(32,'F','1986-12-28',38,'2012-09-02 20:45:00','2021-05-03 11:42:12'),(33,'F','1974-07-10',16,'2019-08-17 05:38:41','2021-05-03 11:42:12'),(34,'M','1988-12-28',21,'2012-01-16 05:20:15','2021-05-03 11:42:12'),(35,'M','1983-10-05',31,'2012-10-28 00:57:46','2021-05-03 11:42:12'),(36,'F','1990-11-07',67,'2017-12-25 10:22:18','2021-05-03 11:42:12'),(37,'M','1965-05-08',37,'2017-11-08 08:14:07','2021-05-03 11:42:12'),(38,'M','1969-11-20',57,'2013-07-15 23:11:11','2021-05-03 11:42:12'),(39,'F','1992-05-29',58,'2018-10-20 15:10:22','2021-05-03 11:42:12'),(40,'M','1976-06-05',35,'2013-02-28 03:14:27','2021-05-03 11:42:12'),(41,'M','1982-04-08',38,'2020-04-10 06:09:51','2021-05-03 11:42:12'),(42,'M','1982-10-03',13,'2020-07-29 03:46:29','2021-05-03 11:42:12'),(43,'M','1967-09-02',33,'2020-10-22 17:21:33','2021-05-03 11:42:12'),(44,'M','1967-06-12',5,'2016-06-09 07:38:31','2021-05-03 11:42:12'),(45,'F','1973-03-27',97,'2014-08-05 20:53:04','2021-05-03 11:42:12'),(46,'F','1964-07-20',100,'2013-01-03 13:13:11','2021-05-03 11:42:12'),(47,'M','1980-05-28',45,'2011-10-06 16:09:34','2021-05-03 11:42:12'),(48,'F','1970-10-01',90,'2018-10-18 12:27:51','2021-05-03 11:42:12'),(49,'F','1989-11-20',44,'2014-04-28 01:22:29','2021-05-03 11:42:12'),(50,'M','1961-03-22',5,'2015-03-07 23:45:46','2021-05-03 11:42:12'),(51,'F','1990-06-20',74,'2017-07-15 02:52:43','2021-05-03 11:42:12'),(52,'M','1992-09-18',98,'2016-07-15 09:52:33','2021-05-03 11:42:12'),(53,'M','1992-11-15',82,'2019-10-01 08:40:32','2021-05-03 11:42:12'),(54,'M','1986-12-03',67,'2018-12-22 02:14:52','2021-05-03 11:42:12'),(55,'M','1995-01-05',50,'2018-11-26 17:30:50','2021-05-03 11:42:12'),(56,'M','1976-09-02',86,'2012-05-18 12:59:44','2021-05-03 11:42:12'),(57,'M','1975-09-05',44,'2018-07-25 13:13:41','2021-05-03 11:42:12'),(58,'F','1987-05-27',82,'2018-05-19 08:55:24','2021-05-03 11:42:12'),(59,'M','1972-05-04',70,'2015-02-17 19:58:50','2021-05-03 11:42:12'),(60,'F','1976-11-08',9,'2021-01-27 16:52:45','2021-05-03 11:42:12'),(61,'F','1967-12-17',31,'2013-07-13 13:32:04','2021-05-03 11:42:12'),(62,'F','1986-08-01',30,'2012-05-26 03:19:02','2021-05-03 11:42:12'),(63,'F','1991-05-29',46,'2019-01-02 23:54:21','2021-05-03 11:42:12'),(64,'F','1997-12-27',47,'2020-05-27 23:56:14','2021-05-03 11:42:12'),(65,'F','1978-02-03',51,'2016-05-02 02:07:54','2021-05-03 11:42:12'),(66,'F','1973-11-06',77,'2012-09-17 11:38:26','2021-05-03 11:42:12'),(67,'M','1973-12-30',13,'2017-05-13 17:00:30','2021-05-03 11:42:12'),(68,'M','1987-06-20',87,'2014-12-29 20:53:31','2021-05-03 11:42:12'),(69,'F','1977-09-18',34,'2016-08-24 23:41:27','2021-05-03 11:42:12'),(70,'F','1965-03-15',71,'2011-07-02 13:46:21','2021-05-03 11:42:12'),(71,'F','1970-03-26',21,'2015-05-03 20:06:20','2021-05-03 11:42:12'),(72,'F','1994-07-28',71,'2019-05-16 01:59:59','2021-05-03 11:42:12'),(73,'M','1986-03-17',83,'2016-06-20 19:48:45','2021-05-03 11:42:12'),(74,'F','1986-05-08',54,'2012-11-25 12:14:59','2021-05-03 11:42:12'),(75,'M','1973-10-26',76,'2013-04-12 11:12:39','2021-05-03 11:42:12'),(76,'F','1987-05-31',79,'2021-01-23 19:49:58','2021-05-03 11:42:12'),(77,'F','1977-12-20',53,'2015-05-11 06:17:35','2021-05-03 11:42:12'),(78,'F','1966-08-22',20,'2012-12-01 02:19:16','2021-05-03 11:42:12'),(79,'M','1976-08-23',69,'2013-10-01 04:40:16','2021-05-03 11:42:12'),(80,'F','1984-01-02',97,'2013-12-10 05:04:31','2021-05-03 11:42:12'),(81,'M','1990-10-16',25,'2016-12-19 02:01:11','2021-05-03 11:42:12'),(82,'M','1964-04-20',42,'2016-06-21 00:19:41','2021-05-03 11:42:12'),(83,'M','1964-10-30',94,'2014-10-11 11:04:03','2021-05-03 11:42:12'),(84,'M','1970-04-10',7,'2015-09-11 13:05:29','2021-05-03 11:42:12'),(85,'M','1995-11-25',8,'2014-05-31 17:53:17','2021-05-03 11:42:12'),(86,'M','1992-09-19',43,'2021-01-26 17:25:22','2021-05-03 11:42:12'),(87,'M','1976-08-05',92,'2016-08-07 03:13:31','2021-05-03 11:42:12'),(88,'M','1982-03-04',52,'2011-05-12 07:07:46','2021-05-03 11:42:12'),(89,'M','1981-10-11',25,'2013-08-30 19:47:10','2021-05-03 11:42:12'),(90,'F','1963-01-24',61,'2015-10-12 08:46:09','2021-05-03 11:42:12'),(91,'M','1985-09-07',60,'2013-03-22 16:31:34','2021-05-03 11:42:12'),(92,'M','1963-04-10',55,'2019-09-08 01:49:12','2021-05-03 11:42:12'),(93,'M','1974-12-29',90,'2019-03-17 07:41:24','2021-05-03 11:42:12'),(94,'F','1985-11-06',6,'2017-06-22 23:27:46','2021-05-03 11:42:12'),(95,'M','1966-08-19',1,'2016-01-12 21:34:33','2021-05-03 11:42:12'),(96,'M','1991-04-22',41,'2015-06-16 07:55:45','2021-05-03 11:42:12'),(97,'M','1980-08-30',82,'2011-10-28 21:31:04','2021-05-03 11:42:12'),(98,'M','1968-06-06',14,'2018-09-21 20:45:47','2021-05-03 11:42:12'),(99,'F','1977-07-09',27,'2014-03-29 09:21:23','2021-05-03 11:42:12'),(100,'F','1983-01-03',15,'2016-09-27 23:04:28','2021-05-03 11:42:12');
/*!40000 ALTER TABLE `profiles` ENABLE KEYS */;
UNLOCK TABLES;

--
-- Table structure for table `users`
--

DROP TABLE IF EXISTS `users`;
/*!40101 SET @saved_cs_client     = @@character_set_client */;
/*!50503 SET character_set_client = utf8mb4 */;
CREATE TABLE `users` (
  `id` int unsigned NOT NULL AUTO_INCREMENT,
  `first_name` varchar(150) CHARACTER SET utf8mb4 COLLATE utf8mb4_unicode_ci NOT NULL,
  `last_name` varchar(150) CHARACTER SET utf8mb4 COLLATE utf8mb4_unicode_ci NOT NULL,
  `email` varchar(150) CHARACTER SET utf8mb4 COLLATE utf8mb4_unicode_ci NOT NULL,
  `phone` varchar(150) CHARACTER SET utf8mb4 COLLATE utf8mb4_unicode_ci NOT NULL,
  `created_at` datetime DEFAULT CURRENT_TIMESTAMP,
  `updated_at` datetime DEFAULT CURRENT_TIMESTAMP ON UPDATE CURRENT_TIMESTAMP,
  PRIMARY KEY (`id`),
  UNIQUE KEY `email` (`email`),
  UNIQUE KEY `phone` (`phone`)
) ENGINE=InnoDB AUTO_INCREMENT=101 DEFAULT CHARSET=utf8mb4 COLLATE=utf8mb4_unicode_ci;
/*!40101 SET character_set_client = @saved_cs_client */;

--
-- Dumping data for table `users`
--

LOCK TABLES `users` WRITE;
/*!40000 ALTER TABLE `users` DISABLE KEYS */;
INSERT INTO `users` VALUES (1,'Edwardo','Runolfsson','sylvia97@example.com','723.965.8892','2019-07-03 17:29:28','2020-04-22 07:29:19'),(2,'Ruthe','Ankunding','dwight90@example.com','961.997.9123','2015-01-25 21:45:57','2021-05-03 10:14:26'),(3,'Chase','West','marley52@example.com','+01(6)8097560207','2019-06-16 20:04:50','2021-05-03 10:14:26'),(4,'Thea','O\'Reilly','ojohns@example.net','562.120.4884x68010','2020-06-18 17:39:09','2021-05-03 10:14:26'),(5,'Maurice','Little','hwitting@example.com','613.294.4101x88182','2016-09-17 20:13:22','2018-03-31 23:39:06'),(6,'Elfrieda','Bayer','iva.fisher@example.org','193.863.4841x149','2020-05-27 13:49:15','2021-05-03 10:14:26'),(7,'Sharon','Koelpin','uthompson@example.net','095-795-2004','2013-06-13 02:11:02','2015-07-18 02:40:14'),(8,'Adella','Pouros','hermiston.sadie@example.net','1-386-165-3611x7390','2018-09-23 17:13:37','2020-09-19 17:46:03'),(9,'Brooke','Schmidt','electa01@example.org','1-101-673-9511','2014-03-19 15:33:36','2021-05-03 10:14:26'),(10,'Ayana','Jaskolski','noah.jones@example.org','1-057-247-1547','2017-04-04 14:05:40','2021-05-03 10:14:26'),(11,'Kenneth','Cummerata','king.earline@example.net','002-806-4454','2018-06-29 14:39:33','2021-05-03 10:14:26'),(12,'Brannon','Block','bolson@example.com','332-859-3025','2017-01-13 18:54:24','2021-05-03 10:14:26'),(13,'Edyth','Bins','upton.jess@example.net','1-514-788-1805x13691','2019-08-18 11:49:46','2021-05-03 10:14:26'),(14,'Birdie','Toy','tmann@example.org','568.312.1119x625','2019-06-23 10:15:10','2021-05-03 10:14:26'),(15,'Stephon','Okuneva','bkoelpin@example.com','932-717-0359x83218','2012-07-27 04:56:06','2019-12-30 01:55:07'),(16,'Sonia','Weissnat','dortha.zieme@example.org','+09(1)1896583017','2013-01-07 19:36:36','2015-03-11 03:17:49'),(17,'Joannie','Gleichner','loma.grant@example.net','+23(5)6934399381','2018-02-06 03:16:02','2021-05-03 10:14:26'),(18,'Lamar','Spencer','hester.schiller@example.net','(752)622-4908x02440','2017-01-06 17:01:35','2017-11-17 20:43:08'),(19,'Darren','Bernier','nicolas.delpha@example.net','+66(7)3671036583','2017-08-13 21:28:53','2021-05-03 10:14:26'),(20,'Arnoldo','Gerlach','hermann97@example.net','354.364.5610','2011-08-04 11:14:17','2012-10-03 16:18:03'),(21,'Elise','Douglas','estell24@example.org','00537622931','2015-10-01 13:45:33','2016-03-01 12:52:30'),(22,'Muhammad','Mitchell','valentina78@example.org','(555)275-1048x717','2018-02-21 07:54:32','2020-06-03 02:25:57'),(23,'Jazmyne','Lesch','madyson71@example.net','06287679312','2014-09-11 10:18:27','2017-05-29 20:56:40'),(24,'Claudine','Franecki','jbotsford@example.org','+12(3)8478147238','2020-02-13 16:24:12','2021-05-03 10:14:26'),(25,'Jayne','Koch','rrolfson@example.com','(703)593-0010x0359','2020-06-09 07:19:42','2021-05-03 10:14:26'),(26,'Katharina','Marvin','harris.mylene@example.org','00047143699','2018-12-21 15:55:35','2019-06-03 20:25:50'),(27,'Nia','O\'Reilly','kdavis@example.org','(753)704-5390x5910','2019-05-15 20:57:28','2021-05-03 10:14:26'),(28,'Prudence','Weissnat','cremin.charley@example.net','822.963.4231x5761','2017-09-01 06:34:42','2021-05-03 10:14:26'),(29,'Jed','Ankunding','ellen65@example.com','03093394191','2013-09-27 19:50:16','2014-03-19 15:11:39'),(30,'Domenico','Kreiger','nmedhurst@example.com','+29(4)4562062539','2017-09-25 22:46:40','2020-09-06 07:13:58'),(31,'Clay','Langosh','johanna.abshire@example.com','06715039055','2020-04-17 05:56:46','2021-05-03 10:14:26'),(32,'Seth','Simonis','reinger.joshuah@example.org','1-054-856-2285x293','2020-01-15 05:04:44','2021-05-03 10:14:26'),(33,'Jewel','Jakubowski','rblick@example.org','1-289-145-3168x01212','2012-11-09 23:57:21','2013-11-02 05:58:57'),(34,'Judson','Spinka','luettgen.zetta@example.net','609.522.2400x09799','2016-05-06 06:34:53','2021-05-03 10:14:26'),(35,'Brett','Collins','virgil.kreiger@example.com','619.088.0250x0466','2011-10-05 23:17:35','2011-10-19 09:27:52'),(36,'Dena','Bailey','okeebler@example.com','04124431818','2020-05-20 15:01:31','2021-05-03 10:14:26'),(37,'Garrick','Dare','efrain.smith@example.net','1-614-103-3281','2020-08-18 10:09:55','2021-05-03 10:14:26'),(38,'Gonzalo','Hickle','jocelyn.ryan@example.net','04656384086','2018-09-24 11:50:45','2021-05-03 10:14:26'),(39,'Scarlett','Kreiger','kenyon17@example.com','288.526.0198x732','2012-02-08 18:35:34','2021-05-03 10:14:26'),(40,'Gregoria','Bartell','sturner@example.net','02528968221','2014-06-23 02:03:22','2017-10-13 18:35:25'),(41,'Isobel','Johns','bernier.kenya@example.com','234.443.5328','2011-06-17 18:42:09','2012-07-11 18:48:56'),(42,'Arno','Koepp','ebony87@example.net','1-358-404-5221x83906','2011-08-09 14:49:59','2011-09-04 00:41:51'),(43,'Kamille','McCullough','pagac.jaclyn@example.org','645-520-9537','2017-12-17 18:39:01','2021-05-03 10:14:26'),(44,'Gaylord','Olson','abechtelar@example.net','+28(7)2127737845','2020-12-04 12:18:22','2021-05-03 10:14:26'),(45,'Edward','Douglas','nschaden@example.net','(114)000-8162x495','2012-10-20 19:05:49','2014-08-11 15:48:42'),(46,'Jonatan','Upton','allie.cole@example.com','(700)626-2263x8129','2012-05-29 06:46:46','2014-07-27 22:05:05'),(47,'Norene','Swift','uschaden@example.net','(955)688-6531','2017-02-19 15:24:00','2020-05-05 04:48:26'),(48,'Joaquin','Lindgren','lklocko@example.com','+63(7)8300769245','2013-08-29 12:45:37','2016-07-25 07:18:13'),(49,'Gene','Lakin','geo28@example.net','07184150323','2017-11-17 09:06:06','2021-05-03 10:14:26'),(50,'Abigail','Kovacek','cbernier@example.org','+77(0)6116787095','2012-03-04 08:49:44','2016-06-15 21:17:44'),(51,'Julia','Sipes','jast.dean@example.com','843.017.2521','2019-12-26 04:47:35','2021-05-03 10:14:26'),(52,'Laurine','Quigley','freddy.lubowitz@example.net','+49(8)1638546433','2013-03-11 05:58:00','2019-01-26 07:48:11'),(53,'Tracey','Buckridge','lesch.helen@example.com','614-260-7078x711','2020-09-17 01:27:47','2021-05-03 10:14:26'),(54,'Claire','Reinger','wolff.domenick@example.com','181.799.2486x5056','2018-11-30 07:24:17','2021-05-03 10:14:26'),(55,'Ocie','Wilderman','pierce51@example.net','1-288-758-4826','2019-02-02 03:12:29','2021-05-03 10:14:26'),(56,'Michel','White','o\'hara.afton@example.com','+91(0)8246695582','2020-12-01 06:44:51','2021-05-03 10:14:26'),(57,'Stanford','Prohaska','penelope.runolfsdottir@example.net','05503381344','2016-04-14 04:57:32','2021-05-03 10:14:26'),(58,'Jermaine','Lockman','ryan.taryn@example.org','515.396.2953','2016-01-08 07:17:57','2016-04-10 08:48:46'),(59,'Bertram','Thiel','hpollich@example.com','(525)737-4875','2011-10-01 22:43:13','2013-07-29 22:21:25'),(60,'Margarett','Huels','kaylee.west@example.com','099.477.1684','2016-11-03 21:47:36','2017-09-21 20:03:21'),(61,'Ida','Stokes','gerda.douglas@example.com','1-257-103-2192x16188','2017-03-24 09:44:21','2021-05-03 10:14:26'),(62,'Milo','Koepp','myriam.koepp@example.net','224.169.7396x52071','2016-12-27 03:12:08','2021-05-03 10:14:26'),(63,'Jace','Langosh','qledner@example.org','695-077-3909','2014-10-08 19:20:14','2015-04-06 23:56:28'),(64,'Leo','Hand','raymundo11@example.org','(938)272-7969','2020-04-27 06:54:57','2021-05-03 10:14:26'),(65,'Waldo','Jones','gadams@example.com','847.876.2560x1607','2016-02-14 01:57:20','2019-03-22 21:04:29'),(66,'Trystan','Sporer','concepcion15@example.net','121.338.4911x949','2017-06-13 09:34:33','2021-05-03 10:14:26'),(67,'Grover','Runte','sierra96@example.com','599-612-3303x31524','2018-02-05 16:14:06','2018-10-22 08:29:58'),(68,'Milo','Hoeger','eweimann@example.net','(945)481-5997','2013-10-18 01:54:02','2016-07-05 14:51:20'),(69,'Maye','Willms','ritchie.walton@example.net','1-818-882-9736x81209','2013-06-07 22:16:15','2019-12-24 20:33:15'),(70,'Corine','Kshlerin','grover.champlin@example.net','1-309-290-3963','2018-04-01 09:32:34','2021-05-03 10:14:26'),(71,'Adelia','Carroll','champlin.jordy@example.net','(831)745-3617','2014-11-18 06:15:29','2018-04-25 01:25:04'),(72,'Alfonso','Yundt','lwehner@example.net','080-901-8095x663','2014-10-09 16:35:13','2020-12-09 06:41:23'),(73,'Julianne','O\'Reilly','yfadel@example.net','974.183.8279x1057','2020-09-25 16:55:12','2021-05-03 10:14:26'),(74,'Annamarie','Hills','harber.verner@example.net','875-285-4687x51384','2019-10-03 06:43:36','2021-05-03 10:14:26'),(75,'Santos','Bednar','eshields@example.net','471.682.8862','2018-06-20 21:44:38','2019-10-16 18:51:07'),(76,'Caleigh','Lesch','kaelyn.weimann@example.com','+16(4)3415766769','2019-01-18 06:28:17','2021-05-03 10:14:26'),(77,'Iva','Corkery','ciara90@example.net','948-541-4701','2020-04-07 13:46:42','2021-05-03 10:14:26'),(78,'Cordia','Gottlieb','cgoldner@example.org','073-693-3791x38190','2013-09-19 19:59:35','2015-07-24 05:36:42'),(79,'Esther','Schiller','maya21@example.com','1-842-767-2730x93952','2012-11-12 04:10:53','2017-03-08 08:18:14'),(80,'Greta','Ward','katrine43@example.net','1-204-409-1594x524','2018-02-04 02:35:42','2019-12-25 14:11:38'),(81,'Pablo','Schuster','runolfsson.dangelo@example.org','+00(5)7912576071','2011-10-27 21:14:29','2021-03-22 17:17:09'),(82,'Lois','Schaden','tokuneva@example.com','04582866635','2013-01-15 13:14:12','2019-06-12 15:36:24'),(83,'Destiney','Miller','padberg.isai@example.net','1-301-447-7876x024','2012-06-21 10:12:16','2013-10-13 10:28:34'),(84,'Kirsten','Bashirian','ymacejkovic@example.org','(119)506-8797x4126','2011-05-10 14:49:47','2013-10-26 20:46:43'),(85,'Hilma','Krajcik','jevon.morissette@example.org','1-936-559-0415x64736','2013-01-06 12:56:19','2016-10-27 01:13:37'),(86,'Willie','Powlowski','gborer@example.net','(614)107-5109x226','2012-01-20 06:54:15','2020-12-13 08:21:22'),(87,'Maybell','Breitenberg','yolanda98@example.com','403-165-2792x6962','2018-02-12 12:45:46','2020-12-20 03:57:40'),(88,'Rodolfo','Quitzon','felipa.kuhic@example.net','1-082-186-9004x22157','2015-08-28 20:32:39','2020-08-05 07:50:23'),(89,'Omari','Lind','fkoepp@example.org','675.834.0450x35966','2016-12-07 07:10:28','2020-11-25 05:20:37'),(90,'Filomena','Nicolas','wyman.audreanne@example.org','925.113.4766x246','2014-09-02 15:27:08','2021-05-03 10:14:26'),(91,'Jana','Tremblay','elijah57@example.net','(393)652-0132','2019-08-13 19:14:26','2021-05-03 10:14:26'),(92,'Reinhold','Corwin','bwilkinson@example.net','(703)239-8940','2017-01-06 20:02:52','2017-06-21 15:19:29'),(93,'Stephen','Ratke','demond77@example.com','(997)321-3991x787','2016-10-13 03:10:38','2021-05-03 10:14:26'),(94,'Reagan','Schaden','kilback.noble@example.org','03094263478','2017-03-20 12:33:28','2019-02-04 13:15:11'),(95,'Colt','Schaefer','schoen.hailey@example.net','1-127-001-1839x68000','2014-01-08 08:38:10','2014-03-14 15:56:59'),(96,'Ford','Champlin','cleve66@example.com','585-875-8854x925','2018-10-26 00:14:35','2021-05-03 10:14:26'),(97,'Jennie','Ziemann','block.ida@example.net','1-600-459-2365x736','2013-10-16 04:49:17','2014-07-08 13:24:20'),(98,'Tamara','Bechtelar','brad.wintheiser@example.org','1-838-172-2104x5837','2018-06-14 00:41:20','2021-05-03 10:14:26'),(99,'Heather','Kovacek','murray.caden@example.net','1-768-383-9363','2013-04-18 13:49:05','2021-05-03 10:14:26'),(100,'Amy','Roberts','thiel.dayana@example.org','(697)609-3257','2016-12-03 23:22:01','2021-05-03 10:14:26');
/*!40000 ALTER TABLE `users` ENABLE KEYS */;
UNLOCK TABLES;
/*!40103 SET TIME_ZONE=@OLD_TIME_ZONE */;

/*!40101 SET SQL_MODE=@OLD_SQL_MODE */;
/*!40014 SET FOREIGN_KEY_CHECKS=@OLD_FOREIGN_KEY_CHECKS */;
/*!40014 SET UNIQUE_CHECKS=@OLD_UNIQUE_CHECKS */;
/*!40101 SET CHARACTER_SET_CLIENT=@OLD_CHARACTER_SET_CLIENT */;
/*!40101 SET CHARACTER_SET_RESULTS=@OLD_CHARACTER_SET_RESULTS */;
/*!40101 SET COLLATION_CONNECTION=@OLD_COLLATION_CONNECTION */;
/*!40111 SET SQL_NOTES=@OLD_SQL_NOTES */;

-- Dump completed on 2021-05-03 16:56:39
